"it_algo","diff_f","diff_g","error_in","error_out","max_diff_flow","couple_1","couple_2"
1,147865599999,1.18743663572059,0.965242229097774,1.00033138828325,170.065129751468,963,3
2,1.74124147975087,0.441773536157652,0.183535802390945,0.186624635077654,230392.770049399,1174,121
3,0.626833133779009,0.167782157131998,0.0503755923828214,0.0503755923828214,66074.7558286001,1174,121
4,0.20676410926161,0.0637138230840493,0.018290466638011,0.018290466638011,16503.4381457975,1211,41
5,0.0980690784554185,0.0351784673038203,0.0106387809789156,0.0106387809789154,26798.8158459446,1213,1169
6,0.044359533900066,0.0207502408197044,0.00691977193791654,0.00725089165189072,32246.6030273416,1213,1169
7,0.0263895170687345,0.0139872030574979,0.00512395778966755,0.00607405278091239,34247.9670111939,1213,1169
8,0.0171526480618516,0.00974607676396247,0.00397757510008244,0.00500432971552281,34993.4161603038,1213,1169
9,0.01199470010943,0.00724140344468925,0.0033248260218326,0.00425719201151458,35226.6476084884,1213,1169
10,0.00843938117630012,0.00526472652426565,0.00276568449242903,0.0034991787373896,34608.8306316739,1213,1169
11,0.00639717965554004,0.00385719749079129,0.00229682531194495,0.00278103909701575,32086.3134183431,1213,1169
12,0.00571416267939181,0.00289702942302289,0.00176908027686472,0.00201781760440649,24360.1728234617,1213,1169
13,0.00808947249986078,0.00264749494191257,0.000976052211334802,0.000976052211334698,1891.57910394121,1211,12
14,0.0101525086086379,0.00239818653476786,0.000807484804778612,0.000807484804778518,1707.98322000507,1211,12
15,0.0106856291800564,0.00203027644691307,0.00054544711141205,0.000639842255312315,1010.27397048534,1211,12
16,0.00473434277732152,0.00125912216309553,0.000343166087763007,0.00042382506432471,681.046492413676,1211,12
17,0.00283460928424775,0.000833113332374948,0.000237037146177389,0.000237037146177331,458.03985648317,1211,41
18,0.00178036756249536,0.000563700967228758,0.00016663711953785,0.000166637119537818,321.110441987621,1211,41
19,0.00119497124769869,0.000409884142837517,0.000116331784392438,0.000116331784392305,222.179359654358,1211,41
20,0.00084456444398258,0.000296369147462698,7.952207668554e-05,7.95220766854789e-05,150.998288809467,1211,41
21,0.000629157584140214,0.000207971009571231,5.39913538523156e-05,5.39913538522567e-05,100.671032712082,1211,41
22,0.000495681341185359,0.000148561101045158,3.70370367388188e-05,3.70370367385117e-05,66.6264206849955,1211,41
23,0.000407131154199842,0.000107915129903899,2.63360367925277e-05,2.63360367923021e-05,43.9968509669488,1211,41
24,0.000347802650817199,8.04139384078383e-05,1.92142098976779e-05,1.92142098976034e-05,28.4684686923792,1211,41
25,0.000304865062450474,6.14718577562582e-05,1.43948611233802e-05,1.43948611234356e-05,23.569736648418,1035,876
26,0.000272881267923431,4.80879944819324e-05,1.11029721414332e-05,1.11029721413741e-05,22.6256856351761,1035,876
27,0.000248094491602023,6.6348422416048e-05,8.85020489004186e-06,2.71516737416706e-05,47.8103560596064,607,1194
28,0.000209563893315664,5.11428837179512e-05,6.30039704167546e-06,2.56957145875434e-05,45.5575301013346,607,1194
29,0.000162376810091469,4.24698475233085e-05,5.1132046995385e-06,2.4399494972871e-05,43.6142511691851,607,1194
30,0.000147496752611015,3.76816141150668e-05,4.4200217443265e-06,2.33871508553798e-05,41.7140680384796,607,1194
31,0.000136165693646969,3.49559891335847e-05,4.03149810839131e-06,2.24672889188482e-05,40.1222604784825,607,1194
32,0.000126773591472845,3.42715105191182e-05,6.18056320594961e-06,1.93736005720909e-05,38.8978208148947,607,1194
33,0.000112851584215342,4.90304624348181e-05,1.66548516277827e-05,1.66548516277161e-05,60.7794018089239,1164,1194
34,9.78765977278654e-05,6.32576248696099e-05,2.21821556650732e-05,2.21821556650344e-05,81.3952747434087,1164,1194
35,0.000121651445340334,7.11467012317004e-05,2.58128403138397e-05,2.5812840313713e-05,94.8771895158329,1164,1194
36,0.000134562161134134,7.43055130480828e-05,2.81028779876685e-05,2.81028779876555e-05,103.364306054318,1164,1194
37,0.000144538141901195,7.47046115088413e-05,2.95628732587835e-05,2.95628732587602e-05,108.31531326749,1164,1194
38,0.000150584434324882,7.36715221334022e-05,3.03761277106464e-05,3.03761277105448e-05,110.625733075339,1164,1194
39,0.000153525451821652,7.21048696836992e-05,3.06924971281732e-05,3.06924971282037e-05,111.091930067692,1164,1194
40,0.000153596178542323,7.03022913670069e-05,3.06437709349236e-05,3.06437709348694e-05,110.359978952129,1164,1194
41,0.000151873054423666,6.77980526541878e-05,3.03757538908035e-05,3.0375753890836e-05,108.932959665352,1164,1194
42,0.000150441878931434,6.51078189689942e-05,2.99544560101815e-05,2.99544560101387e-05,106.898567323153,1164,1194
43,0.000147577720819082,6.22591014452879e-05,2.94016250557919e-05,2.94016250557503e-05,104.418663442813,1164,1194
44,0.000143961459227415,5.94789333391502e-05,2.88182079629493e-05,2.88182079629889e-05,101.621397273316,1164,1194
45,0.000139836516537635,5.67340692055458e-05,2.80862244206812e-05,2.80862244206401e-05,98.5880747984247,1164,1194
46,0.000134877419561801,5.45483701347916e-05,2.73016792886688e-05,2.73016792886656e-05,95.5104992359129,1164,1194
47,0.000130281416058644,5.19958903315871e-05,2.65463316774042e-05,2.65463316773607e-05,92.5009629374181,1164,1194
48,0.00012674957277835,4.95410078977899e-05,2.57810606616306e-05,2.57810606615909e-05,89.4146825379021,1164,1194
49,0.000122619331561534,4.71271429019078e-05,2.49767442455949e-05,2.49767442455185e-05,86.2477123067006,1164,1194
50,0.000118185628770777,4.47685268272761e-05,2.4138916516838e-05,2.41389165167414e-05,83.0209936036713,1164,1194
51,0.00011362876148623,4.24810721248824e-05,2.32756621660153e-05,2.3275662165986e-05,79.7552644149232,1164,1194
52,0.000109028735822634,4.02589212084172e-05,2.23943189839609e-05,2.23943189839111e-05,76.4678744011185,1164,1194
53,0.000104476417569196,3.81059913056752e-05,2.15004583013747e-05,2.15004583013904e-05,73.1708300474484,1164,1194
54,0.000100015708155843,3.60233987458435e-05,2.05976017325647e-05,2.0597601732407e-05,69.8748574830565,1164,1194
55,9.55652659745679e-05,3.40108844439245e-05,1.96890130057233e-05,1.96890130056677e-05,66.5893392524645,1164,1194
56,9.11396303825197e-05,3.20671459142039e-05,1.87782098351408e-05,1.87782098350895e-05,63.3226712826063,1164,1194
57,8.67533619786724e-05,3.01907345418948e-05,1.78682361974989e-05,1.78682361974114e-05,60.0824793016886,1164,1194
58,8.24197738144894e-05,2.83801755266601e-05,1.69618649754763e-05,1.69618649754193e-05,56.8760139862975,1164,1194
59,7.81471566689237e-05,2.66340600201938e-05,1.60617281232328e-05,1.60617281232788e-05,53.7103723302948,1164,1194
60,7.39438323010902e-05,2.49511396898654e-05,1.5170381499372e-05,1.51703814992867e-05,50.5926091747729,1164,1194
61,6.98189875481772e-05,2.33303679046273e-05,1.42903349054905e-05,1.42903349053516e-05,47.5297802169771,1164,1194
62,6.5778974997114e-05,2.17709138642964e-05,1.34240619388541e-05,1.34240619387885e-05,44.5289353817739,1164,1194
63,6.18310809606695e-05,2.02721551044212e-05,1.25739956549223e-05,1.25739956548667e-05,41.5970753436914,1164,1194
64,5.79826546672187e-05,1.88337131417415e-05,1.17425140106226e-05,1.17425140106593e-05,38.7410814061755,1164,1194
65,5.42409608321616e-05,1.74553144830417e-05,1.09319182984502e-05,1.09319182984313e-05,35.967627626339,1164,1194
66,5.06121345372986e-05,1.61367070994397e-05,1.01444071925531e-05,1.01444071924871e-05,33.2830828698065,1164,1194
67,4.71014181047084e-05,1.48777719214821e-05,9.38203662223087e-06,9.38203662215878e-06,30.6933428151024,1164,1194
68,4.37143943830649e-05,1.36784497794973e-05,8.64671733668739e-06,8.64671733659715e-06,28.203870272268,1164,1194
69,4.04565229730903e-05,1.25385976973139e-05,7.94016958964366e-06,7.94016958957241e-06,25.8195418308055,1164,1194
70,3.73325369396134e-05,1.14580396845965e-05,7.2639069240338e-06,7.26390692399549e-06,23.5445483107733,1164,1194
71,3.43462948589137e-05,1.04365123411807e-05,6.6192130023699e-06,6.61921300227916e-06,21.3823300975118,1164,1194
72,3.15016231918241e-05,9.47531708512029e-06,6.0071235545828e-06,6.0071235543614e-06,19.3355259144505,1164,1194
73,2.88018378709855e-05,8.57200798220535e-06,5.42841536788284e-06,5.42841536783602e-06,17.405938824103,1164,1194
74,2.62487405891438e-05,7.72574283638665e-06,4.88360075073855e-06,4.88360075057176e-06,15.5945204502486,1164,1194
75,2.38443300226599e-05,6.93583638850984e-06,4.37298961262439e-06,4.37298961251944e-06,13.9014925482052,1164,1194
76,2.15901738953597e-05,6.20125135618563e-06,3.89657950246189e-06,3.89657950236531e-06,12.3261340408408,1164,1194
77,1.94820559527246e-05,5.52054491471828e-06,3.45405773746192e-06,3.45405773740779e-06,10.8668368404651,1164,1194
78,1.75179439091502e-05,4.89216639845495e-06,3.0448956446182e-06,3.04489564453905e-06,9.52129142007743,1164,1194
79,1.56961448926931e-05,4.31441335818444e-06,2.66835838734493e-06,2.66835838722579e-06,8.28650834722794,1164,1194
80,1.40133422336987e-05,3.78542531856343e-06,2.32351652700007e-06,2.32351652696287e-06,7.15888640694402,1164,1194
81,1.24677081775689e-05,3.30319562624599e-06,2.00926805786013e-06,2.00926805786285e-06,6.9706980965002,1035,876
82,1.10535910858232e-05,2.8662233506194e-06,1.72436252132302e-06,1.73309560902661e-06,6.8835008488204,1035,876
83,9.76615341588125e-06,2.47227243959937e-06,1.4674256139479e-06,1.5510968438021e-06,6.79851909473678,1035,876
84,8.59978820708e-06,2.11830522761038e-06,1.23698366998836e-06,1.38648613285132e-06,6.71566808278908,1035,876
85,7.54906053875228e-06,1.80179239708701e-06,1.0314919399821e-06,1.23834590354094e-06,6.63486691667777,1035,876
86,6.60808057056498e-06,1.52167957638972e-06,8.49714977220518e-07,1.1104743388475e-06,6.55603835364252,1035,876
87,5.77726147461381e-06,1.27222716347136e-06,6.89821376548879e-07,9.95865291115194e-07,6.47910129489287,1035,876
88,5.04755194776086e-06,1.05222683933182e-06,5.50162092539606e-07,8.91476404200952e-07,6.40399250313715,1035,876
89,4.40275158085368e-06,8.61692615328489e-07,4.29301325680436e-07,7.98296463870054e-07,6.33065003557113,1035,876
90,3.84271457151301e-06,6.9651813608523e-07,3.25020011042848e-07,7.16405362192914e-07,6.25900614904413,1035,876
91,3.36582558344107e-06,5.54540310439453e-07,2.35830408777951e-07,6.45019826071258e-07,6.18899977105082,1035,876
92,2.97665959635904e-06,4.33642205507033e-07,1.60332769741256e-07,5.83217498598143e-07,6.12057333218809,1035,876
93,2.68990722159856e-06,3.32326211556921e-07,9.71642621673022e-08,5.30108067310858e-07,6.05367078370227,1035,876
94,2.49567856566744e-06,2.97729601601325e-07,8.7442099532586e-08,4.9777986781483e-07,5.98824311141959,1035,876
95,2.51859753181961e-06,2.81205633486403e-07,8.01813378917146e-08,4.87349685864069e-07,5.92504521888986,1035,876
96,2.55623052392753e-06,2.72338260930541e-07,7.54386200612293e-08,4.80750109595433e-07,5.86266022950053,1035,876
97,2.55259863575302e-06,2.66131441784215e-07,7.24739439669572e-08,4.74889205606958e-07,5.80141333321296,1035,876
98,2.53639577284946e-06,2.61751929572834e-07,7.0571715249921e-08,4.69357834148901e-07,5.74138734271105,1035,876
99,2.51740458636753e-06,2.58423996761692e-07,6.92976960088724e-08,4.64004849732071e-07,5.68257608349791,1035,876
100,2.49821472770881e-06,2.5574679513645e-07,6.84022079967626e-08,4.58799821335401e-07,5.62495192371671,1035,876
101,2.47955378235028e-06,2.53461111036662e-07,6.77389352575129e-08,4.53745834412621e-07,5.568481885094,1035,876
102,2.4615361878275e-06,2.51443315511581e-07,6.72232954730319e-08,4.48829285899073e-07,5.51313249476209,1035,876
103,2.4440976505137e-06,2.49611789854244e-07,6.68042030667931e-08,4.44030079684591e-07,5.45887101974984,1035,876
104,2.42711209393538e-06,2.47914182115474e-07,6.64493859278335e-08,4.39335765986953e-07,5.40566585423289,1035,876
105,2.41050595578917e-06,2.46339259978148e-07,6.6138025128253e-08,4.34737033890241e-07,5.35348652453627,1035,876
106,2.39422369142241e-06,2.44866042754193e-07,6.58565017951115e-08,4.30227952221925e-07,5.30230369332605,1035,876
107,2.37823559298268e-06,2.43444897833199e-07,6.5595892673693e-08,4.25805275186961e-07,5.25208913157724,1035,876
108,2.36251993323188e-06,2.42064999279017e-07,6.53501691498526e-08,4.21463811454225e-07,5.20281616340526,1035,876
109,2.3470482744315e-06,2.40719772639348e-07,6.51155557786116e-08,4.17200716566748e-07,5.15445801138276,1035,876
110,2.33181707017694e-06,2.39404570330617e-07,6.48895422033862e-08,4.13013445033976e-07,5.10698948360186,1035,876
111,2.31681134722354e-06,2.38116180253416e-07,6.46704429249929e-08,4.08899710571866e-07,5.06038628176452,1035,876
112,2.30201837261736e-06,2.36852299672941e-07,6.4457119452405e-08,4.04857393752637e-07,5.01462497387229,1035,876
113,2.28743408127864e-06,2.35611242504072e-07,6.42487931591903e-08,4.00884510659654e-07,4.9696829643874,1035,876
114,2.27305315107532e-06,2.34391737144022e-07,6.40449229273047e-08,3.96979186156743e-07,4.92553845858004,1035,876
115,2.25887412542518e-06,2.33192785425207e-07,6.38451232355011e-08,3.93139637913484e-07,4.88217042753479,1035,876
116,2.24489219285561e-06,2.3201357724979e-07,6.36491121145802e-08,3.89364160825681e-07,4.83955857486228,1035,876
117,2.2311091914338e-06,2.30853429923178e-07,6.34566759858291e-08,3.85651119277055e-07,4.79768330511195,1035,876
118,2.21752364595389e-06,2.2971174727408e-07,6.32676474319932e-08,3.81998939520381e-07,4.75652569380054,1035,876
119,2.20420718305258e-06,2.28587999105002e-07,6.30818905231032e-08,3.78406105606678e-07,4.71606745896383,1035,876
120,2.19109656305054e-06,2.27981929847125e-07,6.28992903252629e-08,3.75388625371569e-07,4.67629093412359,1035,876
121,2.17803878165355e-06,2.28855861816616e-07,6.27511255909616e-08,3.73512110506554e-07,4.63717769816685,1035,876
122,2.16514714594943e-06,2.28210848528783e-07,6.26857188039218e-08,3.70174540383752e-07,4.59870933519949,1035,876
123,2.15245530741172e-06,2.2732050069805e-07,6.2559138493609e-08,3.66826406516509e-07,4.56087614287765,1035,876
124,2.13995888297265e-06,2.26332735844346e-07,6.23921730712527e-08,3.63552937096254e-07,4.52366108767785,1035,876
125,2.1277773795864e-06,2.25334784318992e-07,6.22190656263738e-08,3.60321293111432e-07,4.48704786793792,1035,876
126,2.11579403028617e-06,2.24339808331794e-07,6.20504360778562e-08,3.57123879036752e-07,4.45102193673745,1035,876
127,2.10394445770778e-06,2.23356129208006e-07,6.18866644873931e-08,3.53967130260888e-07,4.41556928776163,1035,876
128,2.09223429108707e-06,2.22385137362384e-07,6.17264790170939e-08,3.50855328111448e-07,4.38067635960226,1035,876
129,2.08066793974826e-06,2.214274499925e-07,6.15690983259221e-08,3.47789705233901e-07,4.34632999966391,1035,876
130,2.06924109080713e-06,2.20482950210128e-07,6.14141768717584e-08,3.4477036949676e-07,4.31251750333479,1035,876
131,2.05796217406145e-06,2.19551245274125e-07,6.12615128167483e-08,3.41795366893416e-07,4.27922664478524,1035,876
132,2.04683200797484e-06,2.18632382602745e-07,6.11110959561437e-08,3.38863837143398e-07,4.24644528305714,1035,876
133,2.03583915026368e-06,2.17725290097178e-07,6.09629012500042e-08,3.35978543316841e-07,4.21416183080737,1035,876
134,2.02498219582846e-06,2.1682932568666e-07,6.0817012640909e-08,3.33138034315289e-07,4.18236503476373,1035,876
135,2.01426376108003e-06,2.15945424929195e-07,6.06734600171526e-08,3.30337955893873e-07,4.1510439767867,1035,876
136,2.00369809184194e-06,2.15068946182666e-07,6.05320701497409e-08,3.2816948406744e-07,4.12018806830349,1035,876
137,1.99294252168729e-06,2.16020097218914e-07,6.04320835056939e-08,3.26405548204733e-07,4.08978600602745,1035,876
138,1.981953022154e-06,2.16099241631167e-07,6.03847134697744e-08,3.23913185748086e-07,4.05982784404819,1035,876
139,1.97127190866139e-06,2.15700259094493e-07,6.03188237137209e-08,3.21354267984877e-07,4.03030588621459,1035,876
140,1.96092100195655e-06,2.15146816154114e-07,6.02296907273544e-08,3.18821980948996e-07,4.00121025535282,1035,876
141,1.95087752614214e-06,2.14550330871342e-07,6.01270159823341e-08,3.16326172119573e-07,3.97253144402498,1035,876
142,1.94101466387559e-06,2.13938715886508e-07,6.00185459691943e-08,3.13862201224097e-07,3.9442604736164,1035,876
143,1.93128089666436e-06,2.13324662458732e-07,5.99078898226206e-08,3.11429421278043e-07,3.91638866566268,1035,876
144,1.92166068431431e-06,2.12712904883641e-07,5.97967318432587e-08,3.09028092175735e-07,3.88890762015274,1035,876
145,1.91214740316425e-06,2.12105891982782e-07,5.96858658301834e-08,3.06658282361057e-07,3.86180917292518,1035,876
146,1.90273910482283e-06,2.11504743267683e-07,5.95757373809076e-08,3.04319723637512e-07,3.83508539041941,1035,876
147,1.89344966345003e-06,2.10910053118104e-07,5.946660821952e-08,3.02011936467037e-07,3.80872855754808,1035,876
148,1.88426972284803e-06,2.10323881737445e-07,5.93627882387632e-08,2.99730230088831e-07,3.78273117072968,1035,876
149,1.87518773562619e-06,2.09748490143082e-07,5.92612405362608e-08,2.97478857625997e-07,3.7570859158767,1035,876
150,1.86620565657622e-06,2.09178201204492e-07,5.91580706256645e-08,2.95260968043563e-07,3.73178569656227,1035,876
151,1.85732623863825e-06,2.08614083915025e-07,5.90551108282917e-08,2.93072064021995e-07,3.70682361233651,1035,876
152,1.84854794191526e-06,2.08055845735304e-07,5.89531563158657e-08,2.9091050062783e-07,3.68219293060019,1035,876
153,1.8398676710892e-06,2.07503915722874e-07,5.8852396847424e-08,2.88776049605561e-07,3.65788709626759,1035,876
154,1.8313096156546e-06,2.06958429665197e-07,5.87528751820077e-08,2.86668414247339e-07,3.63389972641539,1035,876
155,1.8228507902415e-06,2.0641940796251e-07,5.86545931573067e-08,2.84587206805511e-07,3.61022460494723,1035,876
156,1.81448910454426e-06,2.05886803444169e-07,5.85575456944305e-08,2.82531975552308e-07,3.58685567672944,1035,876
157,1.80621738095697e-06,2.05360542132846e-07,5.84617238996086e-08,2.80502253031014e-07,3.56378704233418,1035,876
158,1.79803378702753e-06,2.04840537342933e-07,5.83671154914266e-08,2.78497575318914e-07,3.54101295295629,1035,876
159,1.78993868776791e-06,2.04326697256844e-07,5.82737052314036e-08,2.76517488477017e-07,3.5185278055859,1035,876
160,1.7819309950253e-06,2.03818924207747e-07,5.8181476008394e-08,2.74561548578883e-07,3.49632613839231,1035,876
161,1.77401311314151e-06,2.03317118665279e-07,5.8090408924544e-08,2.72629322658447e-07,3.47440262630619,1035,876
162,1.76618158977025e-06,2.02821746469248e-07,5.80004851003068e-08,2.70720386585089e-07,3.45275207675888,1035,876
163,1.75843324813036e-06,2.02332238128501e-07,5.79114651988968e-08,2.6883397782309e-07,3.43136942588228,1035,876
164,1.75077369496157e-06,2.01847916621541e-07,5.78232603755936e-08,2.66969547542412e-07,3.41024973439642,1035,876
165,1.74320155092244e-06,2.01368837244981e-07,5.77359676435745e-08,2.65126903557454e-07,3.3893881836766,1035,876
166,1.73570753724089e-06,2.00895029214753e-07,5.76496350822155e-08,2.63305802229533e-07,3.36878007168309,1035,876
167,1.72828939382141e-06,2.00426476320506e-07,5.75642876690656e-08,2.61505940496039e-07,3.3484208095033,1035,876
168,1.72094587899797e-06,1.99963130367922e-07,5.74799326077811e-08,2.59726991730971e-07,3.32830591837842,1035,876
169,1.7136784174096e-06,1.99504930684646e-07,5.73965676924245e-08,2.57968619062246e-07,3.30843102645565,1035,876
170,1.7064841969249e-06,1.99051811278182e-07,5.7314185351996e-08,2.5623048412448e-07,3.28879186557094,1035,876
171,1.69936151100317e-06,1.98603699719981e-07,5.72327744958069e-08,2.54512251708658e-07,3.2693842681831,1035,876
172,1.69231049941326e-06,1.98162851581642e-07,5.71523227501766e-08,2.52813590646749e-07,3.25020416439952,1035,876
173,1.68533124936243e-06,1.97727297492263e-07,5.70728163012644e-08,2.51134176646027e-07,3.23124757912842,1035,876
174,1.67842224767463e-06,1.97296499715758e-07,5.69942404863853e-08,2.4947369073456e-07,3.21251062932777,1035,876
175,1.67158158800507e-06,1.96870383453782e-07,5.69165808838368e-08,2.47831821983354e-07,3.19398952136237,1035,876
176,1.66480816186928e-06,1.96448874140088e-07,5.68398226350859e-08,2.46208264737013e-07,3.17568054843457,1035,876
177,1.65810224811903e-06,1.96031899848884e-07,5.67639510230884e-08,2.44602720613793e-07,3.15758008812008,1035,876
178,1.65146269990638e-06,1.95619387300201e-07,5.66889516183347e-08,2.4301489721036e-07,3.1396845999783,1035,876
179,1.64489130088348e-06,1.95211266275199e-07,5.66148097865362e-08,2.41444509029026e-07,3.12199062324851,1035,876
180,1.63840490625545e-06,1.94807363735804e-07,5.65415117194963e-08,2.39893118403922e-07,3.10449477461862,1035,876
181,1.63198570235666e-06,1.94407442014779e-07,5.64691354695385e-08,2.38358915412783e-07,3.08719374451766,1035,876
182,1.62563180961364e-06,1.94011546303306e-07,5.63976514640122e-08,2.3684124999608e-07,3.07008429802988,1035,876
183,1.61933958426124e-06,1.93619700147073e-07,5.63270111053319e-08,2.35339900282466e-07,3.05316327251364,1035,876
184,1.61310976015636e-06,1.93231891730262e-07,5.62571808432009e-08,2.33854619848604e-07,3.03642757411603,1035,876
185,1.60694215125278e-06,1.92848079979118e-07,5.61881386605264e-08,2.32385161238967e-07,3.01987417598627,1035,876
186,1.60083654152697e-06,1.92468211768033e-07,5.61198668011516e-08,2.30931279410586e-07,3.00350011672242,1035,876
187,1.59479669272434e-06,1.92092228468618e-07,5.60523502853749e-08,2.2949273451365e-07,2.98730249867674,1035,876
188,1.58882352067325e-06,1.91720071528173e-07,5.59855752671375e-08,2.28069292052587e-07,2.97127848626144,1035,876
189,1.58291130648661e-06,1.91351681072655e-07,5.59195291711431e-08,2.26660720832565e-07,2.95542530430828,1035,876
190,1.57705742835049e-06,1.90987001609096e-07,5.58541993606588e-08,2.25266795833469e-07,2.93974023646308,1035,876
191,1.57126272729778e-06,1.90625974202974e-07,5.57895745228553e-08,2.23887294899294e-07,2.92422062364483,1035,876
192,1.565525631968e-06,1.90268545567784e-07,5.57256430672173e-08,2.22522001587516e-07,2.90886386253931,1035,876
193,1.55984538657235e-06,1.89914661846705e-07,5.56623939751072e-08,2.21170703562962e-07,2.89366740414687,1035,876
194,1.5542220213913e-06,1.89564269660005e-07,5.55998168312232e-08,2.1983319204196e-07,2.87862875237079,1035,876
195,1.54865333010014e-06,1.89217317911665e-07,5.55379012495522e-08,2.18509263191193e-07,2.86374546265802,1035,876
196,1.54314304133578e-06,1.88873755911001e-07,5.54766367340437e-08,2.17198717283629e-07,2.84901514066826,1035,876
197,1.53768982621366e-06,1.88533534629479e-07,5.54160136980535e-08,2.15901357610908e-07,2.83443544099816,1035,876
198,1.5322897521941e-06,1.88196606223482e-07,5.53560223385996e-08,2.14616992045179e-07,2.82000406593352,1035,876
199,1.5269447925973e-06,1.87862921744107e-07,5.52966531614443e-08,2.13345432383622e-07,2.80571876424369,1035,876
200,1.52166849534499e-06,1.87532437241572e-07,5.52378968318888e-08,2.12086493505445e-07,2.79157733001603,1035,876
201,1.51646371663897e-06,1.87205104463771e-07,5.51797442362814e-08,2.10839994350887e-07,2.77757760151712,1035,876
202,1.51131128981943e-06,1.86880880467937e-07,5.51221864639266e-08,2.09605756774937e-07,2.76371746009715,1035,876
203,1.50620905428393e-06,1.86559720743377e-07,5.50652147498521e-08,2.08383606683121e-07,2.74999482911426,1035,876
204,1.50115548014719e-06,1.86241811920775e-07,5.50088206274717e-08,2.07173372629371e-07,2.73640767290647,1035,876
205,1.49614937945703e-06,1.85927060687637e-07,5.49529900013205e-08,2.05974882048853e-07,2.72295399579002,1035,876
206,1.49119082307039e-06,1.85615232773172e-07,5.48977126177227e-08,2.0478796886658e-07,2.70963184107541,1035,876
207,1.48628095389376e-06,1.85306287568725e-07,5.4842983257616e-08,2.03612475264786e-07,2.6964392901225,1035,876
208,1.48141884226559e-06,1.85000188879852e-07,5.47887955129411e-08,2.02448243127765e-07,2.683374461413,1035,876
209,1.47660213791515e-06,1.84696901185896e-07,5.47351432006673e-08,2.01295117819698e-07,2.67043550965536,1035,876
210,1.47183147309221e-06,1.84396386140298e-07,5.46820193222747e-08,2.00152946614485e-07,2.6576206249224,1035,876
211,1.46710729488384e-06,1.84098607500224e-07,5.46294166576217e-08,1.99021580231779e-07,2.64492803181565,1035,876
212,1.46242776076382e-06,1.83803528874373e-07,5.45773282160509e-08,1.9790087103738e-07,2.63235598864026,1035,876
213,1.45779483952288e-06,1.83513064522544e-07,5.45257468833843e-08,1.96790674579953e-07,2.61990278661267,1035,876
214,1.45320956809176e-06,1.83225942021423e-07,5.44744052557076e-08,1.95690764509183e-07,2.60756674883339,1035,876
215,1.44866837457722e-06,1.82941083928568e-07,5.44233346251459e-08,1.94600826938074e-07,2.59534623042907,1035,876
216,1.44416935104774e-06,1.82658552448317e-07,5.43726303942598e-08,1.93520790700784e-07,2.58323961729525,1035,876
217,1.43971343983815e-06,1.82378348408992e-07,5.43223316563109e-08,1.92450600571839e-07,2.57124532477769,1035,876
218,1.43530680922123e-06,1.82100509253342e-07,5.42724633811882e-08,1.91390179513989e-07,2.55936179728428,1035,876
219,1.43094339096726e-06,1.8182504229788e-07,5.42230370307296e-08,1.90339427841702e-07,2.54758750780343,1035,876
220,1.42662102385417e-06,1.81551941148521e-07,5.4174057975298e-08,1.89298234819116e-07,2.53592095730551,1035,876
221,1.42234138784947e-06,1.81281189851016e-07,5.41255269941691e-08,1.8826648346037e-07,2.5243606741019,1035,876
222,1.41810081559958e-06,1.81012768588505e-07,5.40774426453573e-08,1.87244054811793e-07,2.51290521320584,1035,876
223,1.4138985670164e-06,1.80746652666927e-07,5.40298019802272e-08,1.86230830249636e-07,2.50155315570976,1035,876
224,1.40973444355994e-06,1.80482818466105e-07,5.39826010164501e-08,1.85226692399668e-07,2.4903031082091,1035,876
225,1.40560891753193e-06,1.80221238823543e-07,5.39358352435359e-08,1.8423152506485e-07,2.4791537022129,1035,876
226,1.4015208037553e-06,1.79961887771129e-07,5.38894997606164e-08,1.83245214070055e-07,2.46810359359938,1035,876
227,1.39747055189863e-06,1.79704738936394e-07,5.38435895741949e-08,1.82267646776236e-07,2.45715146206658,1035,876
228,1.39346215460897e-06,1.79449763709575e-07,5.37980991317145e-08,1.81298711928612e-07,2.44629601061195,1035,876
229,1.38949299064059e-06,1.79196936161506e-07,5.37530235853837e-08,1.80338300388021e-07,2.43553596502193,1035,876
230,1.38556457104996e-06,1.78946231289931e-07,5.37083575384122e-08,1.79386305314072e-07,2.42487007336513,1035,876
231,1.38167460516793e-06,1.78697620602502e-07,5.36640958640656e-08,1.78442620608015e-07,2.41429710551859,1035,876
232,1.37782029323831e-06,1.78451079987063e-07,5.36202335125351e-08,1.77507142308922e-07,2.40381585268517,1035,876
233,1.37400268619116e-06,1.78206582336966e-07,5.3576765076473e-08,1.76579768639193e-07,2.39342512693963,1035,876
234,1.37022019537183e-06,1.77964103918162e-07,5.35336859093002e-08,1.75660398757969e-07,2.38312376077704,1035,876
235,1.36647329465734e-06,1.77723619562265e-07,5.34909909538209e-08,1.74748933791216e-07,2.37291060667781,1035,876
236,1.36276088864599e-06,1.77485103522869e-07,5.34486753652735e-08,1.73845276787086e-07,2.36278453668149,1035,876
237,1.35908458585672e-06,1.77248534432073e-07,5.34067343724029e-08,1.72949331446959e-07,2.35274444197046,1035,876
238,1.35544538257812e-06,1.77110839588831e-07,5.33651632821238e-08,1.72447165365871e-07,2.34278923246598,1035,876
239,1.35153728998528e-06,1.76855069101181e-07,5.33544601691185e-08,1.71567401552112e-07,2.33291639335528,1035,876
240,1.34762384240585e-06,1.76619023127674e-07,5.33495709288647e-08,1.70611751366527e-07,2.32312724711733,1035,876
241,1.34385324350942e-06,1.7641160906822e-07,5.33338759602642e-08,1.69703292732763e-07,2.31342024832486,1035,876
242,1.34025417267339e-06,1.76215091000215e-07,5.33085038138237e-08,1.68835205494403e-07,2.30379402934943,1035,876
243,1.33675790833508e-06,1.76015362534499e-07,5.32775924785489e-08,1.67986215421462e-07,2.29424750594194,1035,876
244,1.33330990097575e-06,1.75810134021926e-07,5.32439495688353e-08,1.67146230417286e-07,2.28477968922357,1035,876
245,1.32989325536396e-06,1.75600653007829e-07,5.32089316673998e-08,1.66312481680421e-07,2.27538961782989,1035,876
246,1.32650465415908e-06,1.75389092036645e-07,5.31731961127752e-08,1.65484828077394e-07,2.26607634254412,1035,876
247,1.32314486322439e-06,1.75176861194107e-07,5.3137092329816e-08,1.64663508262275e-07,2.25683892575739,1035,876
248,1.31981461913701e-06,1.7496480776711e-07,5.31008422153884e-08,1.63848673316546e-07,2.24767644402812,1035,876
249,1.31651342016097e-06,1.74753467892546e-07,5.30645943378366e-08,1.63040356413132e-07,2.23858798874903,1035,876
250,1.31324053090071e-06,1.74543169236316e-07,5.3028448963497e-08,1.62238534962758e-07,2.22957266618107,1035,876
251,1.30999570917616e-06,1.74334102923062e-07,5.29924724169187e-08,1.61443162061534e-07,2.22062959706386,1035,876
252,1.30677931352572e-06,1.74126390501862e-07,5.29567073569348e-08,1.60654181789506e-07,2.21175791627024,1035,876
253,1.3035921162903e-06,1.73920101834044e-07,5.29211815087174e-08,1.59871532145337e-07,2.2029567724835,1035,876
254,1.30043236428195e-06,1.7371527536771e-07,5.28859118645169e-08,1.59095148875398e-07,2.19422532788894,1035,876
255,1.29729985644385e-06,1.73511932558207e-07,5.28509081551667e-08,1.58324965176833e-07,2.18556275790979,1035,876
256,1.29419562570606e-06,1.7331007914994e-07,5.28161764927437e-08,1.57560914268336e-07,2.17696825093321,1035,876
257,1.2911205422078e-06,1.73110328440595e-07,5.278171910653e-08,1.56802928941924e-07,2.16844100805258,1035,876
258,1.28807205978081e-06,1.72912809229953e-07,5.27475240677065e-08,1.56050923265326e-07,2.15998024283181,1035,876
259,1.28505092604488e-06,1.72716703482509e-07,5.27135804765581e-08,1.5530481346821e-07,2.15158518107148,1035,876
260,1.28205988599091e-06,1.72522008264754e-07,5.26798964666447e-08,1.54564548067963e-07,2.14325506053831,1035,876
261,1.27909609276696e-06,1.72329561920826e-07,5.26464752354369e-08,1.53830072325752e-07,2.13498913071169,1035,876
262,1.27615949952662e-06,1.72138808659099e-07,5.26132961335459e-08,1.53101302816373e-07,2.12678665257374,1035,876
263,1.27324828253719e-06,1.71949394335483e-07,5.25803569357259e-08,1.52378177114366e-07,2.11864689847209,1035,876
264,1.27036439973024e-06,1.71761328636752e-07,5.25476652854543e-08,1.51660642556706e-07,2.11056915180279,1035,876
265,1.26750542165811e-06,1.71574608950069e-07,5.25152250088945e-08,1.50948643841792e-07,2.10255270679613,1035,876
266,1.26467351366103e-06,1.71389231875513e-07,5.24830372600213e-08,1.50242124801218e-07,2.09459686834566,1035,876
267,1.26186657710367e-06,1.71205186706397e-07,5.24511015861188e-08,1.49541028149874e-07,2.08670095182242,1035,876
268,1.25908440786765e-06,1.71022464286787e-07,5.2419416619477e-08,1.48845295837092e-07,2.07886428286986,1035,876
269,1.25632873042288e-06,1.70841049536648e-07,5.23879804877722e-08,1.48154870568577e-07,2.07108619721976,1035,876
270,1.2535967970198e-06,1.70660932249103e-07,5.23567910403075e-08,1.47469695092929e-07,2.06336604049375,1035,876
271,1.25088901753542e-06,1.70482097934341e-07,5.23258458899685e-08,1.46789712876512e-07,2.05570316802152,1035,876
272,1.2482048998717e-06,1.7030453271234e-07,5.22951427538687e-08,1.46114867770611e-07,2.04809694466599,1035,876
273,1.24554763947176e-06,1.70128225451074e-07,5.22646787673679e-08,1.45445104526517e-07,2.04054674463805,1035,876
274,1.24291562131497e-06,1.69953160749825e-07,5.22344517385021e-08,1.44780368759597e-07,2.03305195133134,1035,876
275,1.24030692883584e-06,1.69779896575516e-07,5.22044590694626e-08,1.44120606579502e-07,2.02561195715737,1035,876
276,1.23772071128803e-06,1.6960951063731e-07,5.21746638561274e-08,1.43465708491563e-07,2.01822616347329,1035,876
277,1.2351565998988e-06,1.69440605698827e-07,5.21449994702102e-08,1.42815520786158e-07,2.01089398047225,1035,876
278,1.23261390882982e-06,1.69272586999683e-07,5.21154878193481e-08,1.42170045154568e-07,2.00361482668802,1035,876
279,1.23009272364074e-06,1.69105560863229e-07,5.20861495239786e-08,1.41529288410426e-07,1.99638812893113,1035,876
280,1.22759271562043e-06,1.68939581060615e-07,5.20569995510676e-08,1.40893225442327e-07,1.9892133221864,1035,876
281,1.22511514973718e-06,1.68774673999257e-07,5.2028047792874e-08,1.40261817561691e-07,1.98208984951987,1035,876
282,1.22265881319985e-06,1.68610853792847e-07,5.19993000342501e-08,1.39635021617495e-07,1.97501716197235,1035,876
283,1.22022332968732e-06,1.68448122829684e-07,5.19707592713578e-08,1.39012792110825e-07,1.9679947184087,1035,876
284,1.21780764589537e-06,1.68286478554866e-07,5.19424269542344e-08,1.38395083695946e-07,1.96102198536857,1035,876
285,1.21541173232242e-06,1.68125916283382e-07,5.19143028001134e-08,1.37781850067539e-07,1.95409843691539,1035,876
286,1.21303606930558e-06,1.6796642823645e-07,5.18863864891673e-08,1.37173046022902e-07,1.94722355451438,1035,876
287,1.21068044148081e-06,1.67808006461124e-07,5.18586767518396e-08,1.36568626222439e-07,1.94039682688799,1035,876
288,1.20834483553467e-06,1.67650641891289e-07,5.18311720999169e-08,1.35968545851192e-07,1.9336177499016,1035,876
289,1.20603048721175e-06,1.67494323478874e-07,5.1803870839969e-08,1.3537276039834e-07,1.9268858264262,1035,876
290,1.2037351009592e-06,1.67339041981244e-07,5.17767711461388e-08,1.34781226328314e-07,1.92020056622766,1035,876
291,1.20145836337977e-06,1.67184788163518e-07,5.17498712621144e-08,1.341939001013e-07,1.91356148583884,1035,876
292,1.19920024788856e-06,1.67031550946375e-07,5.17231688956234e-08,1.33610739374136e-07,1.90696810844884,1035,876
293,1.19696020464638e-06,1.6687932004073e-07,5.16966625879214e-08,1.33031701545116e-07,1.90041996378818,1035,876
294,1.19473945065501e-06,1.66728086044935e-07,5.16703500261471e-08,1.32456745625189e-07,1.89391658801469,1035,876
295,1.19253787837383e-06,1.66577838146235e-07,5.1644229343715e-08,1.31885829601834e-07,1.8874575236033,1035,876
296,1.19035434483309e-06,1.66428567289434e-07,5.16182985730271e-08,1.31318913465147e-07,1.88104231924206,1035,876
297,1.18818888667337e-06,1.66281938908265e-07,5.15925559519609e-08,1.30755957006559e-07,1.8746705297259,1035,876
298,1.18604149882489e-06,1.66136970290874e-07,5.15668910298318e-08,1.30196750723196e-07,1.86834171620137,1035,876
299,1.18391380008875e-06,1.65992215177632e-07,5.15412556326915e-08,1.29641233204876e-07,1.86205544562415,1035,876
300,1.1818033551988e-06,1.65847991824744e-07,5.15156991409377e-08,1.29089483427485e-07,1.85581129050684,1035,876
301,1.17971057929194e-06,1.65704447626288e-07,5.14902547854605e-08,1.28541505223458e-07,1.84960882893756,1035,876
302,1.17763622429754e-06,1.65561672161571e-07,5.14649459029716e-08,1.27997279103766e-07,1.84344764454966,1035,876
303,1.1755808492035e-06,1.65419713598396e-07,5.14397872600692e-08,1.27456775022204e-07,1.83732732656813,1035,876
304,1.17354243324007e-06,1.65278597482277e-07,5.14147878419337e-08,1.26919961314495e-07,1.83124746970429,1035,876
305,1.17152121360961e-06,1.65138333923782e-07,5.1389952964972e-08,1.26386803732335e-07,1.82520767403844,1035,876
306,1.16951648014968e-06,1.6499892674257e-07,5.13652854053549e-08,1.25857268323134e-07,1.81920754491637,1035,876
307,1.16752776201494e-06,1.64860375241443e-07,5.13407864231602e-08,1.25331320881749e-07,1.81324669285141,1035,876
308,1.16555469358076e-06,1.64722677837015e-07,5.13164562157328e-08,1.24808927042914e-07,1.80732473344767,1035,876
309,1.16359752347111e-06,1.64585912577765e-07,5.12922944090601e-08,1.24290052934369e-07,1.80144128730319,1035,876
310,1.16165626453048e-06,1.64449982119713e-07,5.12682953634542e-08,1.23774659696724e-07,1.79559597993875,1035,876
311,1.15973092551056e-06,1.64314880459908e-07,5.12444603501751e-08,1.23262715321558e-07,1.7897884417406,1035,876
312,1.15782200146711e-06,1.64180601373316e-07,5.12207893474514e-08,1.2275418796804e-07,1.78401830782025,1035,876
313,1.15592833524336e-06,1.64047140300744e-07,5.11972814571807e-08,1.22249046572731e-07,1.77828521797937,1035,876
314,1.15404986779161e-06,1.63914490029404e-07,5.11739355247158e-08,1.21747259407203e-07,1.77258881662272,1035,876
315,1.15218681882609e-06,1.63782644569683e-07,5.11507502541751e-08,1.21248794834028e-07,1.76692875269873,1035,876
316,1.1503390032157e-06,1.63651595261013e-07,5.11277242438063e-08,1.20753621438524e-07,1.76130467961866,1035,876
317,1.14850635081547e-06,1.63521335783767e-07,5.11048561068961e-08,1.20261707873403e-07,1.75571625518774,1035,876
318,1.14669158935723e-06,1.63391857482519e-07,5.10821443773791e-08,1.1977302399041e-07,1.75016314153561,1035,876
319,1.14489244762088e-06,1.63263154225731e-07,5.10595876605062e-08,1.19287538926087e-07,1.74464500504507,1035,876
320,1.14310836432728e-06,1.63135219078152e-07,5.10371844798511e-08,1.18805222862822e-07,1.73916151629032,1035,876
321,1.14133887262792e-06,1.63008043606192e-07,5.10149334303493e-08,1.18326045977804e-07,1.73371234996478,1035,876
322,1.13958387438871e-06,1.62881621253534e-07,5.09928330507747e-08,1.17849979035715e-07,1.72829718482592,1035,876
323,1.13784340743858e-06,1.62755945197884e-07,5.09708820971488e-08,1.17376992854866e-07,1.72291570362199,1035,876
324,1.13611653628322e-06,1.62631007783865e-07,5.09490787943896e-08,1.16907059244673e-07,1.71756759303662,1035,876
325,1.13440333475784e-06,1.62506802902623e-07,5.09274221553333e-08,1.16440149447879e-07,1.71225254362889,1035,876
326,1.13270815431897e-06,1.62383322845557e-07,5.0905910765007e-08,1.15976235839813e-07,1.70697024976607,1035,876
327,1.13102683286123e-06,1.62260562210374e-07,5.08845429919311e-08,1.15515290379262e-07,1.70172040957505,1035,876
328,1.1293590637315e-06,1.62138591999065e-07,5.08633179108056e-08,1.15057286265262e-07,1.69650272487763,1035,876
329,1.12770444615303e-06,1.62030622783832e-07,5.08422298808511e-08,1.14602191514468e-07,1.6913169011367,1035,876
330,1.12606329856371e-06,1.61923299374401e-07,5.08212740653708e-08,1.14149975841636e-07,1.68616264742082,1035,876
331,1.12443510973953e-06,1.6181656866194e-07,5.08004531783491e-08,1.13700616979455e-07,1.6810396763309,1035,876
332,1.12282228898451e-06,1.6171042668226e-07,5.07797676951311e-08,1.13254090593455e-07,1.67594770390758,1035,876
333,1.12122283466968e-06,1.63391376898578e-07,5.11478217958507e-08,1.12421793093721e-07,1.67088644962394,1035,876
334,1.11907021791837e-06,1.64610471693291e-07,5.13789649088526e-08,1.11634312333563e-07,1.66585642450639,1035,876
335,1.11671454153674e-06,1.64873559626324e-07,5.14247536908918e-08,1.11007241314041e-07,1.66085700733277,1035,876
336,1.11477704949556e-06,1.64901953233906e-07,5.14172396731361e-08,1.10490517996215e-07,1.65588736701568,1035,876
337,1.1130534785863e-06,1.6484236522783e-07,5.13908226759296e-08,1.10028353283254e-07,1.65094686512646,1035,876
338,1.11142173632506e-06,1.64748002707698e-07,5.13604444030704e-08,1.09625300827709e-07,1.64603540480925,1035,876
339,1.10984405580637e-06,1.64643501240938e-07,5.13322246454709e-08,1.09248710798061e-07,1.64115287763377,1035,876
340,1.10831338740801e-06,1.64538457189531e-07,5.13080776728333e-08,1.08878408448265e-07,1.63629910595398,1035,876
341,1.10681323133976e-06,1.64436166739466e-07,5.12874813547261e-08,1.08511809359472e-07,1.63147388119683,1035,876
342,1.10533373570411e-06,1.64337858524066e-07,5.12694836032951e-08,1.08148547127399e-07,1.62667697549534,1035,876
343,1.10387164003898e-06,1.64243354620385e-07,5.12533177422867e-08,1.07788311442649e-07,1.62190814921814,1035,876
344,1.10242542946548e-06,1.64151947451688e-07,5.12384215615168e-08,1.07430821532389e-07,1.61716716037711,1035,876
345,1.10099354823792e-06,1.64062905306057e-07,5.12244028000245e-08,1.07075850696382e-07,1.61245376783165,1035,876
346,1.09957476212882e-06,1.63975637162254e-07,5.12109936812036e-08,1.06723237922522e-07,1.60776773248995,1035,876
347,1.09816866417822e-06,1.65559665784986e-07,5.11980137217915e-08,1.06657851840095e-07,1.60310881757823,1035,876
348,1.09656856364829e-06,1.67595929388433e-07,5.12020164323802e-08,1.06535426852456e-07,1.59847640648593,1035,876
349,1.09523718218411e-06,1.6779442691808e-07,5.12139408594874e-08,1.06160122654303e-07,1.59387060899417,1035,876
350,1.09386270765919e-06,1.67891104050902e-07,5.12162199767771e-08,1.05848214486464e-07,1.58929159755144,1035,876
351,1.09247895869715e-06,1.67926204924372e-07,5.12152360260749e-08,1.05541696082377e-07,1.58473881539555,1035,876
352,1.09117622154416e-06,1.67930101688643e-07,5.12120986361299e-08,1.0522597808263e-07,1.58021198258371,1035,876
353,1.08987988461479e-06,1.67905438489112e-07,5.12071148091442e-08,1.04901447785027e-07,1.57571090631097,1035,876
354,1.08858835687472e-06,1.6786311160693e-07,5.12004068534874e-08,1.04572693029254e-07,1.57123537886935,1035,876
355,1.08730144620896e-06,1.67810337472599e-07,5.11923028509504e-08,1.04242776539711e-07,1.56678518326578,1035,876
356,1.08602103611759e-06,1.67751810910374e-07,5.11831860407215e-08,1.03913378823704e-07,1.5623601001372,1035,876
357,1.08474781368771e-06,1.67690136041679e-07,5.11733810214274e-08,1.03585286582202e-07,1.55795991345872,1035,876
358,1.08348298017042e-06,1.67626767525456e-07,5.11631310706437e-08,1.03258849838924e-07,1.55358441105454,1035,876
359,1.08222714063632e-06,1.67562507126899e-07,5.1152605972882e-08,1.02934208079847e-07,1.54923338434639,1035,876
360,1.08098018626916e-06,1.67497814016469e-07,5.11419205658718e-08,1.02611407594309e-07,1.54490662777789,1035,876
361,1.07974198622923e-06,1.67433181646458e-07,5.11311520124737e-08,1.02290456043882e-07,1.5406039384593,1035,876
362,1.07851280430421e-06,1.6736893893227e-07,5.11203477095197e-08,1.01971343424402e-07,1.53632511595947,1035,876
363,1.07729292258208e-06,1.67304756830196e-07,5.11095370624248e-08,1.01654054836995e-07,1.53206996214055,1035,876
364,1.07608279931676e-06,1.67240716185152e-07,5.10987450850054e-08,1.01338575624852e-07,1.52783828102986,1035,876
365,1.0748821509351e-06,1.67176857866412e-07,5.10879872956848e-08,1.01024888078253e-07,1.5236298789099,1035,876
366,1.07369053567182e-06,1.67113206988503e-07,5.10772734442242e-08,1.00712975563725e-07,1.51944456419608,1035,876
367,1.07250784888451e-06,1.67049780223991e-07,5.10666096678299e-08,1.00402822851611e-07,1.5152821473921,1035,876
368,1.07133400847778e-06,1.66986586539719e-07,5.10559997222196e-08,1.00094415425347e-07,1.51114244107112,1035,876
369,1.07017062861883e-06,1.66923631606656e-07,5.10454454912243e-08,9.97877381313909e-08,1.50702525984366,1035,876
370,1.06901986925364e-06,1.66860917525116e-07,5.10349485944093e-08,9.94827768802431e-08,1.5029304203357,1035,876
371,1.06787834662483e-06,1.66798446623054e-07,5.10245095094359e-08,9.91795175654442e-08,1.49885774115478,1035,876
372,1.06674545787641e-06,1.66736217947335e-07,5.10141285664476e-08,9.88779456819651e-08,1.49480704287203,1035,876
373,1.06562084327413e-06,1.66674230519782e-07,5.10038057354522e-08,9.85780479501405e-08,1.49077814798341,1035,876
374,1.06450437521401e-06,1.66612483875319e-07,5.09935408789458e-08,9.82798101546112e-08,1.4867708808971,1035,876
375,1.06339660127976e-06,1.66550976301951e-07,5.09833337612898e-08,9.79832187835419e-08,1.4827850678987,1035,876
376,1.06229736283196e-06,1.66489706204393e-07,5.09731840088672e-08,9.76882606422896e-08,1.47882053712942,1035,876
377,1.06120645394551e-06,1.66428671497975e-07,5.09630914359243e-08,9.73949220441181e-08,1.47487711855922,1035,876
378,1.06012353897334e-06,1.66367871448927e-07,5.09530552544999e-08,9.71031905079911e-08,1.4709546439675,1035,876
379,1.05904861069424e-06,1.6630730388206e-07,5.0943075538305e-08,9.68130523121322e-08,1.46705294691264,1035,876
380,1.05798148452356e-06,1.66246966387543e-07,5.09331513888179e-08,9.65244946428077e-08,1.46317186271301,1035,876
381,1.05692216331002e-06,1.6618685799706e-07,5.09232827808768e-08,9.62375052468365e-08,1.4593112284241,1035,876
382,1.05587071943641e-06,1.66126976515522e-07,5.09134692581414e-08,9.59520707198521e-08,1.45547088281046,1035,876
383,1.05482685345829e-06,1.6606731966273e-07,5.09037101767701e-08,9.56681795733631e-08,1.45165066633012,1035,876
384,1.05379043411376e-06,1.66007886222031e-07,5.08940051334114e-08,9.53858185993774e-08,1.44785042110777,1035,876
385,1.05276140517668e-06,2.07084072045421e-07,5.51345304295773e-08,9.08550506349148e-08,1.44406999091393,1035,876
386,1.03904056372886e-06,2.16543385339854e-07,5.56444700707319e-08,9.00882066384384e-08,1.44031822108298,1035,876
387,1.0265795756626e-06,2.1834097517841e-07,5.56280002402493e-08,8.94445912373893e-08,1.4365837348256,1035,876
388,1.02405110693719e-06,2.18508881259082e-07,5.55486560599284e-08,8.89789286133652e-08,1.43286527926512,1035,876
389,1.02261845882079e-06,2.18288897869795e-07,5.54723483063033e-08,8.86189215507371e-08,1.42916404726623,1035,876
390,1.02145039290214e-06,2.18054544585231e-07,5.54123795786799e-08,8.83177105810413e-08,1.42548101285854,1035,876
391,1.02035295048125e-06,2.17866343974268e-07,5.53680714135254e-08,8.80377117209011e-08,1.42181652649265,1035,876
392,1.01928620971151e-06,2.17722784039483e-07,5.53356543901944e-08,8.77651113273793e-08,1.41817065552141,1035,876
393,1.01823808957719e-06,2.17610175212223e-07,5.53114508269829e-08,8.74951513159768e-08,1.41454335164394,1035,876
394,1.01720696188093e-06,2.17517357080043e-07,5.52926256358006e-08,8.72266425993616e-08,1.41093450583605,1035,876
395,1.01619038367202e-06,2.17436736873032e-07,5.52772542370743e-08,8.69594204850986e-08,1.40734399096993,1035,876
396,1.0151866319459e-06,2.17363657337439e-07,5.52640855926795e-08,8.6693511403691e-08,1.40377167185966,1035,876
397,1.01419411205609e-06,2.1729529002924e-07,5.52523312063816e-08,8.64289675879275e-08,1.40021741245891,1035,876
398,1.01321135664691e-06,2.17229937509059e-07,5.52414943776137e-08,8.61658111142239e-08,1.3966810768552,1035,876
399,1.01223741347005e-06,2.17166564385787e-07,5.52312626420649e-08,8.59040478742798e-08,1.39316253023992,1035,876
400,1.01127131491888e-06,2.17104530923466e-07,5.52214378268367e-08,8.56436699334827e-08,1.38966163893951,1035,876
401,1.01031272045627e-06,2.17043438279671e-07,5.52118931518761e-08,8.5384665222412e-08,1.38617827055009,1035,876
402,1.00936149416879e-06,2.16983032078912e-07,5.52025477084322e-08,8.51270180300772e-08,1.3827122939233,1035,876
403,1.00841723829676e-06,2.16923151722072e-07,5.51933490316336e-08,8.48707136653624e-08,1.37926357918866,1035,876
404,1.00748015919551e-06,2.16863689531411e-07,5.51842626347932e-08,8.46157373597909e-08,1.37583199773451,1035,876
405,1.00654985196599e-06,2.16804581047317e-07,5.51752666369692e-08,8.43620762953188e-08,1.37241742220806,1035,876
406,1.00562616941737e-06,2.16745779183283e-07,5.51663464082847e-08,8.4109717700641e-08,1.36901972649957,1035,876
407,1.00471035363196e-06,2.16687253959937e-07,5.5157491927544e-08,8.38586496720627e-08,1.36563878574077,1035,876
408,1.00380158033379e-06,2.16628987976292e-07,5.51486971043955e-08,8.36088612552277e-08,1.36227447628005,1035,876
409,1.00289939842813e-06,2.16570966010667e-07,5.51399575422511e-08,8.33603418952129e-08,1.35892667567794,1035,876
410,1.00200358514042e-06,2.16513178404462e-07,5.51312703407004e-08,8.31130813432019e-08,1.35559526269003,1035,876
411,1.00111406026945e-06,2.16455620015354e-07,5.51226331429882e-08,8.28670697421712e-08,1.35228011725394,1035,876
412,1.00023075577893e-06,2.16398283995435e-07,5.51140449296772e-08,8.26222971737293e-08,1.34898112047563,1035,876
413,9.993537727042e-07,2.16341168167132e-07,5.51055041620522e-08,8.23787544061203e-08,1.34569815461714,1035,876
414,9.98483212272292e-07,2.16284268517604e-07,5.50970104241239e-08,8.21364318382329e-08,1.3424311030808,1035,876
415,9.9761943178229e-07,2.16227582933094e-07,5.50885628885429e-08,8.18953202321748e-08,1.33917985039591,1035,876
416,9.96763517505464e-07,2.16171108989119e-07,5.50801610604505e-08,8.16554106197948e-08,1.33594428220647,1035,876
417,9.95913953881358e-07,2.16114845485799e-07,5.50718046197031e-08,8.14166940622569e-08,1.33272428525606,1035,876
418,9.95071709149333e-07,2.1605878924191e-07,5.50634927261656e-08,8.11791614433201e-08,1.32951974737716,1035,876
419,9.94239852697233e-07,2.16002956934958e-07,5.50552254446388e-08,8.09428040451333e-08,1.32633055747544,1035,876
420,9.93418136874567e-07,2.15947329872379e-07,5.50470016030996e-08,8.07076030107664e-08,1.32315660551069,1035,876
421,9.92603331457644e-07,2.15891904209373e-07,5.50388205638696e-08,8.04735533873515e-08,1.31999778253078,1035,876
422,9.9179455663015e-07,2.15836679058396e-07,5.50306816032622e-08,8.02406522692276e-08,1.31685398059494,1035,876
423,9.90994793164144e-07,2.15781653191814e-07,5.50225851269508e-08,8.00088923896611e-08,1.3137250927648,1035,876
424,9.90206532701496e-07,2.15726826176498e-07,5.50145308789278e-08,7.97782649591312e-08,1.31061101312503,1035,876
425,9.89431438948447e-07,2.15672193920223e-07,5.50065186799484e-08,7.95487619421936e-08,1.30751163676393,1035,876
426,9.88671161966537e-07,2.15617757959648e-07,5.49985487665734e-08,7.93203746553233e-08,1.30442685975868,1035,876
427,9.87916519475603e-07,2.15563514881169e-07,5.49906204384847e-08,7.90930951260302e-08,1.30135657916674,1035,876
428,9.87168079023473e-07,2.15509464973896e-07,5.49827338038021e-08,7.88669154414262e-08,1.29830069300715,1035,876
429,9.86425049703414e-07,2.15455605874959e-07,5.4974888532902e-08,7.86418277647067e-08,1.29525910025666,1035,876
430,9.85687852027057e-07,2.15401936989258e-07,5.496708432031e-08,7.84178237494358e-08,1.29223170083458,1035,876
431,9.84956252098503e-07,2.1534845639093e-07,5.49593209069492e-08,7.81948961403431e-08,1.28921839558996,1035,876
432,9.8423122181197e-07,2.15400599749177e-07,5.51740701701344e-08,7.77505780569704e-08,1.28621908629555,1035,876
433,9.83470520118764e-07,2.15449337792689e-07,5.5318793362177e-08,7.73782403350873e-08,1.28322701241245,1035,876
434,9.82484467278099e-07,2.15409429645059e-07,5.53247420558668e-08,7.71290852124596e-08,1.28025272442949,1035,876
435,9.81775750668101e-07,2.1535365488151e-07,5.53167106802002e-08,7.69001460235177e-08,1.27729587099884,1035,876
436,9.81119303983814e-07,2.15301651384455e-07,5.53075982917704e-08,7.66811513218978e-08,1.27435180959901,1035,876
437,9.80428889135997e-07,2.15247889153765e-07,5.52986368270846e-08,7.64630751792582e-08,1.27142108385237,1035,876
438,9.7973868352742e-07,2.15194407827141e-07,5.52900023309123e-08,7.62464166753657e-08,1.26850377213566,1035,876
439,9.79051647699257e-07,2.15141308515805e-07,5.52815875874527e-08,7.60312941720846e-08,1.26559979082208,1035,876
440,9.78369252168406e-07,2.15088634992443e-07,5.52733040876793e-08,7.58176760697847e-08,1.26270904969363,1035,876
441,9.77691297499184e-07,2.15036280723411e-07,5.52651024010028e-08,7.56053778609689e-08,1.25983145842531,1035,876
442,9.77017849479132e-07,2.14984198125194e-07,5.52569625653028e-08,7.53942672738887e-08,1.25696692813358,1035,876
443,9.76349842765874e-07,2.14932347022464e-07,5.52488757090877e-08,7.51842501764342e-08,1.2541153704185,1035,876
444,9.75686990356681e-07,2.14880705614214e-07,5.52408372210651e-08,7.49752727603138e-08,1.25127669762651,1035,876
445,9.7504540410787e-07,2.1482925840384e-07,5.52328443271019e-08,7.47673013966272e-08,1.24845082273828,1035,876
446,9.74419329883355e-07,2.14777997522392e-07,5.522489515604e-08,7.45603147712742e-08,1.24563765946607,1035,876
447,9.73797533952435e-07,2.14726917370724e-07,5.52169883450885e-08,7.43542976267582e-08,1.24283712224383,1035,876
448,9.73181816165749e-07,2.14676011269401e-07,5.52091228865347e-08,7.4149238598434e-08,1.24004912625696,1035,876
449,9.72572425370988e-07,2.14625277615913e-07,5.52012980262659e-08,7.39451282123695e-08,1.23727358743292,1035,876
450,9.71967250934123e-07,2.14574714237737e-07,5.51935132988824e-08,7.37419581272187e-08,1.23451042244483,1035,876
451,9.71366053527215e-07,2.14524317292259e-07,5.51857678715785e-08,7.35397211353906e-08,1.23175954870283,1035,876
452,9.70769045023017e-07,2.14474086809156e-07,5.51780617009228e-08,7.33384099790787e-08,1.22902088434796,1035,876
453,9.70176269729118e-07,2.14424019830417e-07,5.51703942913057e-08,7.31380178097285e-08,1.22629434824387,1035,876
454,9.69588142553352e-07,2.14374116643762e-07,5.51627653914243e-08,7.29385382602721e-08,1.22357985997451,1035,876
455,9.69004298169913e-07,2.14324374756136e-07,5.51551747456249e-08,7.27399649920799e-08,1.22087733982812,1035,876
456,9.68426753568644e-07,2.14274793439691e-07,5.5147621777281e-08,7.25422911424731e-08,1.21818670879759,1035,876
457,9.6785455635823e-07,2.14225371481197e-07,5.51401065871983e-08,7.23455112122564e-08,1.21550788856882,1035,876
458,9.67286384360369e-07,2.14176107498312e-07,5.51326287600886e-08,7.21496187404058e-08,1.21284080151122,1035,876
459,9.6672206453068e-07,2.14127001250114e-07,5.51251880844317e-08,7.19546075963418e-08,1.2101853706763,1035,876
460,9.66161837327732e-07,2.14078049611488e-07,5.5117784278232e-08,7.17604719511574e-08,1.20754151978497,1035,876
461,9.65605317551474e-07,2.14029254338667e-07,5.51104171189555e-08,7.15672057771474e-08,1.20490917322377,1035,876
462,9.65052729986127e-07,2.13980612436108e-07,5.51030863889925e-08,7.13748029262509e-08,1.20228825603283,1035,876
463,9.64503932503854e-07,2.13932124084533e-07,5.50957918380221e-08,7.11832580614855e-08,1.19967869390644,1035,876
464,9.63958637515015e-07,2.1388378639071e-07,5.5088533209688e-08,7.09925649509124e-08,1.19708041317836,1035,876
465,9.63417332361316e-07,2.13835600394263e-07,5.50813103595036e-08,7.0802717828556e-08,1.19449334081662,1035,876
466,9.62890495703852e-07,2.13787564048875e-07,5.50741229622681e-08,7.06137112814068e-08,1.19191740442363,1035,876
467,9.62367175361292e-07,2.13739676624108e-07,5.5066970852615e-08,7.04255395120969e-08,1.18935253222003,1035,876
468,9.61847421661537e-07,2.13691936594765e-07,5.50598537628768e-08,7.02381970882199e-08,1.18679865304341,1035,876
469,9.61331021888549e-07,2.1364434456195e-07,5.50527715369149e-08,7.00516781528745e-08,1.18425569633575,1035,876
470,9.60817972138048e-07,2.13596897597431e-07,5.50457240226207e-08,6.98659771810266e-08,1.18172359215009,1035,876
471,9.60308430474368e-07,2.13549595963781e-07,5.50387106837078e-08,6.96810894340566e-08,1.17920227112791,1035,876
472,9.59802232310054e-07,2.13502438065562e-07,5.50317316093783e-08,6.94970087643108e-08,1.17669166450526,1035,876
473,9.59299287091617e-07,2.13455423481286e-07,5.50247865146762e-08,6.93137298713852e-08,1.17419170409573,1035,876
474,9.58800236736978e-07,2.1340855088057e-07,5.50178751882309e-08,6.91312477969975e-08,1.17170232229705,1035,876
475,9.58305519551565e-07,2.13361819796772e-07,5.50109975132663e-08,6.89495572289922e-08,1.16922345207411,1035,876
476,9.57836033367093e-07,2.1331522880491e-07,5.50041529548973e-08,6.87686524628439e-08,1.16675502695796,1035,876
477,9.57383034075975e-07,2.13268777126173e-07,5.49973416509493e-08,6.85885288264207e-08,1.16429698103707,1035,876
478,9.569329550042e-07,2.13222464120763e-07,5.49905632546258e-08,6.84091811296948e-08,1.16184924895595,1035,876
479,9.56485737338924e-07,2.13176289312442e-07,5.49838176034846e-08,6.82306041136186e-08,1.15941176590604,1035,876
480,9.56042773892417e-07,2.13130250113405e-07,5.49771044678777e-08,6.80527929037184e-08,1.15698446761803,1035,876
481,9.55603652090941e-07,2.13084347583968e-07,5.49704236496289e-08,6.78757422539697e-08,1.15456729036134,1035,876
482,9.55167253635284e-07,2.13038579285978e-07,5.49637749798129e-08,6.76994474494553e-08,1.1521601709361,1035,876
483,9.54733753516243e-07,2.12992946061243e-07,5.4957158341347e-08,6.75239034926589e-08,1.14976304666618,1035,876
484,9.54303697269304e-07,2.12947445286359e-07,5.49505732080303e-08,6.73491055559543e-08,1.1473758553949,1035,876
485,9.53877359969631e-07,2.12902077418804e-07,5.49440197317721e-08,6.71750487667144e-08,1.14499853548182,1035,876
486,9.53454547786359e-07,2.12856840830546e-07,5.49374976269125e-08,6.70017282601799e-08,1.14263102579287,1035,876
487,9.53034706224314e-07,2.1281173528124e-07,5.49310066741646e-08,6.68291394790357e-08,1.14027326569806,1035,876
488,9.52620573121073e-07,2.12766758942964e-07,5.49245467244941e-08,6.66572773841779e-08,1.13792519506978,1035,876
489,9.52214587885511e-07,2.12721913067077e-07,5.49181175312866e-08,6.648613753406e-08,1.13558675426827,1035,876
490,9.51812272654075e-07,2.12677194135408e-07,5.49117190694258e-08,6.63157154820797e-08,1.13325788414488,1035,876
491,9.51414863168913e-07,2.12632603519135e-07,5.49053508072684e-08,6.61460062274651e-08,1.13093852603402,1035,876
492,9.51027872418386e-07,2.1258813878531e-07,5.48990128823003e-08,6.59770054090205e-08,1.12862862175086,1035,876
493,9.50643773319194e-07,2.12543800351393e-07,5.48927050238075e-08,6.58087087124094e-08,1.12632811358026,1035,876
494,9.50262577704029e-07,2.12499586698548e-07,5.48864270249831e-08,6.56411112727173e-08,1.12403694427599,1035,876
495,9.49887333401681e-07,2.12455498231966e-07,5.48801787419406e-08,6.54742088419744e-08,1.12175505706057,1035,876
496,9.49518560456274e-07,2.1241153225436e-07,5.48739600098899e-08,6.5307997108185e-08,1.11948239560991,1035,876
497,9.49152080537365e-07,2.12367689719805e-07,5.48677705762736e-08,6.51424714347455e-08,1.11721890405784,1035,876
498,9.48787787701576e-07,2.12323968952397e-07,5.48616103247928e-08,6.49776277433072e-08,1.11496452698998,1035,876
499,9.48425524902087e-07,2.12280369600417e-07,5.48554790785185e-08,6.48134616714814e-08,1.11271920943318,1035,876
500,9.48065284624261e-07,2.12236890335508e-07,5.48493766705995e-08,6.46499688861959e-08,1.11048289685675,1035,876
