"row","col","is_transfer_edge"
162,1,1
210,1,1
1,2,0
163,2,1
209,2,1
2,3,0
638,3,1
664,3,1
3,4,0
639,4,1
663,4,1
4,5,0
640,5,1
662,5,1
5,6,0
641,6,1
661,6,1
6,7,0
7,8,0
8,9,0
9,10,0
1193,10,1
1212,10,1
10,11,0
56,11,1
11,12,0
57,12,1
86,12,1
131,12,1
153,12,1
246,12,1
285,12,1
313,12,1
336,12,1
356,12,1
361,12,1
432,12,1
433,12,1
478,12,1
479,12,1
12,13,0
58,13,1
85,13,1
132,13,1
152,13,1
199,13,1
220,13,1
247,13,1
284,13,1
314,13,1
422,13,1
434,13,1
13,14,0
59,14,1
151,14,1
171,14,1
221,14,1
248,14,1
334,14,1
391,14,1
476,14,1
14,15,0
60,15,1
15,16,0
61,16,1
82,16,1
16,17,0
17,18,0
18,19,0
105,19,1
114,19,1
19,20,0
20,21,0
21,22,0
22,23,0
559,23,1
560,23,1
559,24,1
560,24,1
24,25,0
25,26,0
26,27,0
27,28,0
104,28,1
105,28,1
114,28,1
28,29,0
104,29,1
115,29,1
29,30,0
30,31,0
61,31,1
82,31,1
83,31,1
31,32,0
82,32,1
83,32,1
282,32,1
32,33,0
84,33,1
133,33,1
151,33,1
171,33,1
200,33,1
283,33,1
315,33,1
334,33,1
391,33,1
423,33,1
435,33,1
476,33,1
33,34,0
58,34,1
85,34,1
132,34,1
152,34,1
172,34,1
199,34,1
220,34,1
247,34,1
284,34,1
314,34,1
335,34,1
360,34,1
368,34,1
392,34,1
422,34,1
434,34,1
477,34,1
34,35,0
57,35,1
86,35,1
131,35,1
153,35,1
246,35,1
285,35,1
336,35,1
361,35,1
432,35,1
433,35,1
478,35,1
479,35,1
35,36,0
56,36,1
36,37,0
1193,37,1
1212,37,1
37,38,0
38,39,0
39,40,0
641,40,1
661,40,1
40,41,0
640,41,1
662,41,1
41,42,0
639,42,1
663,42,1
42,43,0
638,43,1
664,43,1
43,44,0
163,44,1
209,44,1
44,45,0
162,45,1
210,45,1
46,47,0
610,47,1
621,47,1
47,48,0
611,48,1
620,48,1
48,49,0
612,49,1
619,49,1
49,50,0
613,50,1
618,50,1
1189,50,1
1216,50,1
50,51,0
51,52,0
52,53,0
53,54,0
54,55,0
11,56,1
36,56,1
55,56,0
12,57,1
35,57,1
56,57,0
131,57,1
153,57,1
246,57,1
285,57,1
313,57,1
336,57,1
356,57,1
361,57,1
432,57,1
433,57,1
478,57,1
479,57,1
13,58,1
34,58,1
57,58,0
132,58,1
152,58,1
199,58,1
220,58,1
247,58,1
284,58,1
314,58,1
422,58,1
434,58,1
14,59,1
58,59,0
151,59,1
171,59,1
221,59,1
248,59,1
334,59,1
391,59,1
476,59,1
15,60,1
59,60,0
16,61,1
31,61,1
60,61,0
61,62,0
62,63,0
103,63,1
116,63,1
551,63,1
567,63,1
568,63,1
63,64,0
552,64,1
567,64,1
64,65,0
553,65,1
566,65,1
65,66,0
554,66,1
565,66,1
66,67,0
67,68,0
68,69,0
69,70,0
70,71,0
72,73,0
73,74,0
74,75,0
75,76,0
564,76,1
76,77,0
554,77,1
565,77,1
77,78,0
553,78,1
566,78,1
78,79,0
551,79,1
552,79,1
567,79,1
79,80,0
103,80,1
116,80,1
551,80,1
568,80,1
80,81,0
16,82,1
31,82,1
32,82,1
81,82,0
31,83,1
32,83,1
82,83,0
282,83,1
33,84,1
83,84,0
133,84,1
151,84,1
171,84,1
200,84,1
283,84,1
315,84,1
334,84,1
391,84,1
423,84,1
435,84,1
476,84,1
13,85,1
34,85,1
84,85,0
132,85,1
152,85,1
172,85,1
199,85,1
220,85,1
247,85,1
284,85,1
314,85,1
335,85,1
360,85,1
368,85,1
392,85,1
422,85,1
434,85,1
477,85,1
12,86,1
35,86,1
85,86,0
131,86,1
153,86,1
246,86,1
285,86,1
336,86,1
361,86,1
432,86,1
433,86,1
478,86,1
479,86,1
86,87,0
87,88,0
88,89,0
89,90,0
1190,90,1
1215,90,1
90,91,0
91,92,0
613,92,1
618,92,1
1189,92,1
1216,92,1
92,93,0
612,93,1
619,93,1
93,94,0
611,94,1
620,94,1
94,95,0
610,95,1
621,95,1
95,96,0
96,97,0
546,98,1
573,98,1
98,99,0
547,99,1
99,100,0
169,100,1
203,100,1
425,100,1
548,100,1
571,100,1
1175,100,1
100,101,0
149,101,1
202,101,1
543,101,1
549,101,1
569,101,1
570,101,1
101,102,0
149,102,1
550,102,1
569,102,1
63,103,1
80,103,1
102,103,0
551,103,1
568,103,1
28,104,1
29,104,1
103,104,0
19,105,1
28,105,1
104,105,0
105,106,0
254,106,1
582,106,1
106,107,0
255,107,1
277,107,1
583,107,1
594,107,1
107,108,0
256,108,1
276,108,1
584,108,1
593,108,1
108,109,0
257,109,1
275,109,1
585,109,1
592,109,1
257,110,1
275,110,1
585,110,1
592,110,1
110,111,0
256,111,1
276,111,1
584,111,1
593,111,1
111,112,0
255,112,1
277,112,1
583,112,1
594,112,1
112,113,0
278,113,1
416,113,1
595,113,1
19,114,1
28,114,1
113,114,0
29,115,1
114,115,0
63,116,1
80,116,1
115,116,0
551,116,1
568,116,1
116,117,0
149,117,1
543,117,1
549,117,1
550,117,1
569,117,1
117,118,0
202,118,1
543,118,1
549,118,1
570,118,1
118,119,0
169,119,1
203,119,1
425,119,1
548,119,1
571,119,1
1175,119,1
119,120,0
572,120,1
120,121,0
546,121,1
573,121,1
650,122,1
651,122,1
929,122,1
122,123,0
650,123,1
651,123,1
652,123,1
930,123,1
123,124,0
649,124,1
653,124,1
124,125,0
648,125,1
654,125,1
125,126,0
647,126,1
655,126,1
126,127,0
646,127,1
656,127,1
127,128,0
243,128,1
287,128,1
288,128,1
645,128,1
657,128,1
128,129,0
244,129,1
287,129,1
129,130,0
245,130,1
286,130,1
12,131,1
35,131,1
57,131,1
86,131,1
130,131,0
246,131,1
285,131,1
313,131,1
336,131,1
356,131,1
361,131,1
432,131,1
433,131,1
478,131,1
479,131,1
13,132,1
34,132,1
58,132,1
85,132,1
131,132,0
199,132,1
220,132,1
247,132,1
284,132,1
314,132,1
422,132,1
434,132,1
33,133,1
84,133,1
132,133,0
171,133,1
200,133,1
283,133,1
315,133,1
334,133,1
391,133,1
423,133,1
435,133,1
476,133,1
133,134,0
201,134,1
316,134,1
424,134,1
436,134,1
518,134,1
519,134,1
545,134,1
134,135,0
135,136,0
136,137,0
137,138,0
138,139,0
139,140,0
789,140,1
790,140,1
140,141,0
788,141,1
791,141,1
788,142,1
791,142,1
142,143,0
788,143,1
791,143,1
143,144,0
789,144,1
790,144,1
144,145,0
145,146,0
146,147,0
147,148,0
101,149,1
102,149,1
117,149,1
148,149,0
543,149,1
549,149,1
550,149,1
569,149,1
149,150,0
518,150,1
544,150,1
545,150,1
14,151,1
33,151,1
59,151,1
84,151,1
150,151,0
171,151,1
200,151,1
221,151,1
248,151,1
283,151,1
315,151,1
334,151,1
391,151,1
423,151,1
435,151,1
476,151,1
13,152,1
34,152,1
58,152,1
85,152,1
151,152,0
172,152,1
199,152,1
220,152,1
247,152,1
284,152,1
314,152,1
335,152,1
360,152,1
368,152,1
392,152,1
422,152,1
434,152,1
477,152,1
12,153,1
35,153,1
57,153,1
86,153,1
152,153,0
246,153,1
285,153,1
313,153,1
336,153,1
356,153,1
361,153,1
432,153,1
433,153,1
478,153,1
479,153,1
153,154,0
245,154,1
286,154,1
154,155,0
243,155,1
244,155,1
287,155,1
155,156,0
243,156,1
288,156,1
645,156,1
657,156,1
156,157,0
646,157,1
656,157,1
157,158,0
647,158,1
655,158,1
158,159,0
648,159,1
654,159,1
159,160,0
649,160,1
653,160,1
931,160,1
160,161,0
650,161,1
651,161,1
929,161,1
1,162,1
45,162,1
2,163,1
44,163,1
162,163,0
163,164,0
164,165,0
165,166,0
166,167,0
167,168,0
100,169,1
119,169,1
168,169,0
425,169,1
548,169,1
571,169,1
1175,169,1
169,170,0
333,170,1
390,170,1
475,170,1
518,170,1
545,170,1
14,171,1
33,171,1
59,171,1
84,171,1
133,171,1
151,171,1
170,171,0
221,171,1
248,171,1
283,171,1
315,171,1
334,171,1
391,171,1
423,171,1
435,171,1
476,171,1
34,172,1
85,172,1
152,172,1
171,172,0
284,172,1
335,172,1
360,172,1
368,172,1
392,172,1
477,172,1
172,173,0
219,173,1
421,173,1
576,173,1
600,173,1
1196,173,1
1209,173,1
173,174,0
218,174,1
225,174,1
1197,174,1
1208,174,1
174,175,0
217,175,1
226,175,1
175,176,0
176,177,0
177,178,0
178,179,0
179,180,0
840,180,1
855,180,1
1049,180,1
1092,180,1
180,181,0
181,182,0
182,183,0
1050,183,1
1091,183,1
183,184,0
184,185,0
186,187,0
187,188,0
1050,188,1
1091,188,1
188,189,0
189,190,0
190,191,0
840,191,1
855,191,1
1049,191,1
1092,191,1
191,192,0
192,193,0
193,194,0
194,195,0
195,196,0
217,196,1
226,196,1
196,197,0
218,197,1
225,197,1
1197,197,1
1208,197,1
197,198,0
219,198,1
394,198,1
421,198,1
576,198,1
600,198,1
1196,198,1
1209,198,1
13,199,1
34,199,1
58,199,1
85,199,1
132,199,1
152,199,1
198,199,0
220,199,1
247,199,1
284,199,1
314,199,1
422,199,1
434,199,1
33,200,1
84,200,1
133,200,1
151,200,1
199,200,0
283,200,1
315,200,1
334,200,1
391,200,1
423,200,1
435,200,1
476,200,1
134,201,1
200,201,0
316,201,1
424,201,1
436,201,1
518,201,1
519,201,1
545,201,1
101,202,1
118,202,1
201,202,0
543,202,1
549,202,1
570,202,1
100,203,1
119,203,1
202,203,0
425,203,1
548,203,1
571,203,1
1175,203,1
203,204,0
204,205,0
205,206,0
206,207,0
207,208,0
2,209,1
44,209,1
208,209,0
1,210,1
45,210,1
209,210,0
910,211,1
923,211,1
1093,211,1
1128,211,1
211,212,0
212,213,0
213,214,0
214,215,0
843,215,1
852,215,1
215,216,0
175,217,1
196,217,1
216,217,0
174,218,1
197,218,1
217,218,0
1197,218,1
1208,218,1
173,219,1
198,219,1
218,219,0
394,219,1
421,219,1
576,219,1
600,219,1
1196,219,1
1209,219,1
13,220,1
34,220,1
58,220,1
85,220,1
132,220,1
152,220,1
199,220,1
219,220,0
247,220,1
284,220,1
314,220,1
422,220,1
434,220,1
14,221,1
59,221,1
151,221,1
171,221,1
220,221,0
248,221,1
334,221,1
391,221,1
476,221,1
221,222,0
249,222,1
282,222,1
222,223,0
250,223,1
281,223,1
419,223,1
578,223,1
598,223,1
223,224,0
174,225,1
197,225,1
224,225,0
1197,225,1
1208,225,1
175,226,1
196,226,1
225,226,0
226,227,0
227,228,0
843,228,1
852,228,1
228,229,0
229,230,0
230,231,0
231,232,0
910,232,1
923,232,1
1093,232,1
1128,232,1
233,234,0
234,235,0
901,235,1
235,236,0
902,236,1
933,236,1
236,237,0
903,237,1
932,237,1
237,238,0
238,239,0
239,240,0
240,241,0
241,242,0
644,242,1
658,242,1
128,243,1
155,243,1
156,243,1
242,243,0
645,243,1
657,243,1
129,244,1
155,244,1
243,244,0
130,245,1
154,245,1
244,245,0
12,246,1
35,246,1
57,246,1
86,246,1
131,246,1
153,246,1
245,246,0
313,246,1
336,246,1
356,246,1
361,246,1
432,246,1
433,246,1
478,246,1
479,246,1
13,247,1
34,247,1
58,247,1
85,247,1
132,247,1
152,247,1
199,247,1
220,247,1
246,247,0
314,247,1
422,247,1
434,247,1
14,248,1
59,248,1
151,248,1
171,248,1
221,248,1
247,248,0
334,248,1
391,248,1
476,248,1
222,249,1
248,249,0
223,250,1
249,250,0
418,250,1
419,250,1
578,250,1
597,250,1
598,250,1
250,251,0
418,251,1
579,251,1
597,251,1
251,252,0
417,252,1
580,252,1
596,252,1
252,253,0
416,253,1
581,253,1
595,253,1
106,254,1
253,254,0
582,254,1
107,255,1
112,255,1
254,255,0
583,255,1
594,255,1
108,256,1
111,256,1
255,256,0
584,256,1
593,256,1
109,257,1
110,257,1
256,257,0
592,257,1
257,258,0
258,259,0
259,260,0
260,261,0
261,262,0
262,263,0
263,264,0
264,265,0
973,265,1
973,266,1
266,267,0
267,268,0
268,269,0
269,270,0
270,271,0
271,272,0
272,273,0
273,274,0
109,275,1
110,275,1
274,275,0
592,275,1
108,276,1
111,276,1
275,276,0
584,276,1
593,276,1
107,277,1
112,277,1
276,277,0
583,277,1
594,277,1
113,278,1
277,278,0
416,278,1
581,278,1
595,278,1
278,279,0
417,279,1
580,279,1
596,279,1
279,280,0
418,280,1
578,280,1
579,280,1
597,280,1
223,281,1
280,281,0
419,281,1
578,281,1
598,281,1
32,282,1
83,282,1
222,282,1
281,282,0
33,283,1
84,283,1
133,283,1
151,283,1
171,283,1
200,283,1
282,283,0
315,283,1
334,283,1
391,283,1
423,283,1
435,283,1
476,283,1
13,284,1
34,284,1
58,284,1
85,284,1
132,284,1
152,284,1
172,284,1
199,284,1
220,284,1
283,284,0
314,284,1
335,284,1
360,284,1
368,284,1
392,284,1
422,284,1
434,284,1
477,284,1
12,285,1
35,285,1
57,285,1
86,285,1
131,285,1
153,285,1
284,285,0
313,285,1
336,285,1
356,285,1
361,285,1
432,285,1
433,285,1
478,285,1
479,285,1
130,286,1
154,286,1
285,286,0
128,287,1
129,287,1
155,287,1
286,287,0
128,288,1
156,288,1
287,288,0
645,288,1
657,288,1
288,289,0
644,289,1
658,289,1
289,290,0
290,291,0
291,292,0
292,293,0
293,294,0
903,294,1
932,294,1
294,295,0
902,295,1
933,295,1
295,296,0
901,296,1
296,297,0
297,298,0
298,299,0
300,301,0
1130,301,1
1157,301,1
301,302,0
302,303,0
303,304,0
304,305,0
305,306,0
306,307,0
905,307,1
928,307,1
935,307,1
936,307,1
954,307,1
955,307,1
307,308,0
308,309,0
309,310,0
353,310,1
310,311,0
354,311,1
363,311,1
311,312,0
355,312,1
362,312,1
12,313,1
57,313,1
131,313,1
153,313,1
246,313,1
285,313,1
312,313,0
356,313,1
361,313,1
433,313,1
478,313,1
13,314,1
34,314,1
58,314,1
85,314,1
132,314,1
152,314,1
199,314,1
220,314,1
247,314,1
284,314,1
313,314,0
422,314,1
434,314,1
33,315,1
84,315,1
133,315,1
151,315,1
171,315,1
200,315,1
283,315,1
314,315,0
391,315,1
423,315,1
435,315,1
476,315,1
134,316,1
201,316,1
315,316,0
424,316,1
436,316,1
518,316,1
519,316,1
545,316,1
316,317,0
437,317,1
474,317,1
520,317,1
542,317,1
317,318,0
318,319,0
319,320,0
320,321,0
321,322,0
322,323,0
323,324,0
830,324,1
831,324,1
830,325,1
831,325,1
325,326,0
326,327,0
327,328,0
328,329,0
329,330,0
330,331,0
331,332,0
437,332,1
474,332,1
520,332,1
542,332,1
170,333,1
332,333,0
390,333,1
475,333,1
518,333,1
545,333,1
14,334,1
33,334,1
59,334,1
84,334,1
133,334,1
151,334,1
171,334,1
200,334,1
221,334,1
248,334,1
283,334,1
333,334,0
391,334,1
423,334,1
435,334,1
476,334,1
34,335,1
85,335,1
152,335,1
172,335,1
284,335,1
334,335,0
360,335,1
368,335,1
392,335,1
477,335,1
12,336,1
35,336,1
57,336,1
86,336,1
131,336,1
153,336,1
246,336,1
285,336,1
335,336,0
356,336,1
361,336,1
433,336,1
478,336,1
336,337,0
355,337,1
362,337,1
337,338,0
354,338,1
363,338,1
338,339,0
353,339,1
339,340,0
340,341,0
341,342,0
905,342,1
928,342,1
935,342,1
936,342,1
954,342,1
955,342,1
342,343,0
343,344,0
344,345,0
345,346,0
346,347,0
347,348,0
1157,348,1
348,349,0
349,350,0
351,352,0
310,353,1
339,353,1
352,353,0
311,354,1
338,354,1
353,354,0
312,355,1
337,355,1
354,355,0
12,356,1
57,356,1
131,356,1
153,356,1
246,356,1
285,356,1
313,356,1
336,356,1
355,356,0
433,356,1
478,356,1
356,357,0
381,357,1
357,358,0
367,358,1
382,358,1
367,359,1
382,359,1
34,360,1
85,360,1
152,360,1
172,360,1
284,360,1
335,360,1
359,360,0
368,360,1
392,360,1
477,360,1
12,361,1
35,361,1
57,361,1
86,361,1
131,361,1
153,361,1
246,361,1
285,361,1
313,361,1
336,361,1
360,361,0
433,361,1
478,361,1
312,362,1
337,362,1
361,362,0
311,363,1
338,363,1
362,363,0
363,364,0
364,365,0
365,366,0
358,367,1
359,367,1
34,368,1
85,368,1
152,368,1
172,368,1
284,368,1
335,368,1
360,368,1
367,368,0
392,368,1
477,368,1
368,369,0
393,369,1
369,370,0
370,371,0
371,372,0
372,373,0
373,374,0
375,376,0
376,377,0
377,378,0
378,379,0
379,380,0
393,380,1
357,381,1
380,381,0
358,382,1
359,382,1
381,382,0
383,384,0
384,385,0
385,386,0
386,387,0
387,388,0
388,389,0
170,390,1
333,390,1
389,390,0
475,390,1
518,390,1
545,390,1
14,391,1
33,391,1
59,391,1
84,391,1
133,391,1
151,391,1
171,391,1
200,391,1
221,391,1
248,391,1
283,391,1
315,391,1
334,391,1
390,391,0
435,391,1
476,391,1
34,392,1
85,392,1
152,392,1
172,392,1
284,392,1
335,392,1
360,392,1
368,392,1
391,392,0
477,392,1
369,393,1
380,393,1
392,393,0
198,394,1
219,394,1
393,394,0
394,395,0
395,396,0
396,397,0
397,398,0
398,399,0
399,400,0
400,401,0
401,402,0
402,403,0
403,404,0
404,405,0
405,406,0
406,407,0
408,409,0
409,410,0
410,411,0
411,412,0
412,413,0
413,414,0
414,415,0
113,416,1
253,416,1
278,416,1
415,416,0
581,416,1
595,416,1
252,417,1
279,417,1
416,417,0
580,417,1
596,417,1
250,418,1
251,418,1
280,418,1
417,418,0
578,418,1
579,418,1
597,418,1
223,419,1
250,419,1
281,419,1
418,419,0
578,419,1
598,419,1
419,420,0
173,421,1
198,421,1
219,421,1
420,421,0
1196,421,1
1209,421,1
13,422,1
34,422,1
58,422,1
85,422,1
132,422,1
152,422,1
199,422,1
220,422,1
247,422,1
284,422,1
314,422,1
421,422,0
434,422,1
33,423,1
84,423,1
133,423,1
151,423,1
171,423,1
200,423,1
283,423,1
315,423,1
334,423,1
422,423,0
435,423,1
476,423,1
134,424,1
201,424,1
316,424,1
423,424,0
436,424,1
518,424,1
519,424,1
545,424,1
100,425,1
119,425,1
169,425,1
203,425,1
424,425,0
548,425,1
571,425,1
1175,425,1
425,426,0
426,427,0
427,428,0
428,429,0
429,430,0
1177,430,1
430,431,0
12,432,1
35,432,1
57,432,1
86,432,1
131,432,1
153,432,1
246,432,1
285,432,1
12,433,1
35,433,1
57,433,1
86,433,1
131,433,1
153,433,1
246,433,1
285,433,1
313,433,1
336,433,1
356,433,1
361,433,1
432,433,0
13,434,1
34,434,1
58,434,1
85,434,1
132,434,1
152,434,1
199,434,1
220,434,1
247,434,1
284,434,1
314,434,1
422,434,1
433,434,0
33,435,1
84,435,1
133,435,1
151,435,1
171,435,1
200,435,1
283,435,1
315,435,1
334,435,1
391,435,1
423,435,1
434,435,0
134,436,1
201,436,1
316,436,1
424,436,1
435,436,0
518,436,1
519,436,1
545,436,1
317,437,1
332,437,1
436,437,0
520,437,1
542,437,1
437,438,0
521,438,1
541,438,1
438,439,0
522,439,1
540,439,1
439,440,0
485,440,1
511,440,1
523,440,1
539,440,1
440,441,0
486,441,1
510,441,1
524,441,1
538,441,1
441,442,0
487,442,1
509,442,1
525,442,1
537,442,1
442,443,0
526,443,1
443,444,0
527,444,1
444,445,0
528,445,1
445,446,0
529,446,1
822,446,1
446,447,0
530,447,1
531,447,1
447,448,0
957,448,1
448,449,0
958,449,1
449,450,0
450,451,0
451,452,0
452,453,0
453,454,0
454,455,0
731,455,1
738,455,1
731,456,1
738,456,1
456,457,0
457,458,0
458,459,0
459,460,0
460,461,0
461,462,0
958,462,1
462,463,0
463,464,0
532,464,1
724,464,1
744,464,1
745,464,1
820,464,1
838,464,1
839,464,1
956,464,1
464,465,0
533,465,1
723,465,1
746,465,1
821,465,1
465,466,0
534,466,1
466,467,0
535,467,1
467,468,0
536,468,1
468,469,0
509,469,1
525,469,1
537,469,1
469,470,0
486,470,1
510,470,1
524,470,1
538,470,1
470,471,0
485,471,1
511,471,1
523,471,1
539,471,1
471,472,0
522,472,1
540,472,1
472,473,0
521,473,1
541,473,1
317,474,1
332,474,1
473,474,0
520,474,1
542,474,1
170,475,1
333,475,1
390,475,1
474,475,0
518,475,1
545,475,1
14,476,1
33,476,1
59,476,1
84,476,1
133,476,1
151,476,1
171,476,1
200,476,1
221,476,1
248,476,1
283,476,1
315,476,1
334,476,1
391,476,1
423,476,1
475,476,0
34,477,1
85,477,1
152,477,1
172,477,1
284,477,1
335,477,1
360,477,1
368,477,1
392,477,1
476,477,0
12,478,1
35,478,1
57,478,1
86,478,1
131,478,1
153,478,1
246,478,1
285,478,1
313,478,1
336,478,1
356,478,1
361,478,1
477,478,0
12,479,1
35,479,1
57,479,1
86,479,1
131,479,1
153,479,1
246,479,1
285,479,1
478,479,0
574,480,1
602,480,1
603,480,1
480,481,0
481,482,0
482,483,0
483,484,0
440,485,1
471,485,1
484,485,0
523,485,1
539,485,1
441,486,1
470,486,1
485,486,0
524,486,1
538,486,1
442,487,1
486,487,0
525,487,1
487,488,0
488,489,0
489,490,0
829,490,1
832,490,1
490,491,0
491,492,0
492,493,0
493,494,0
494,495,0
728,495,1
741,495,1
495,496,0
729,496,1
740,496,1
961,496,1
496,497,0
730,497,1
739,497,1
962,497,1
730,498,1
739,498,1
962,498,1
498,499,0
730,499,1
739,499,1
962,499,1
499,500,0
729,500,1
740,500,1
961,500,1
500,501,0
728,501,1
741,501,1
501,502,0
502,503,0
503,504,0
504,505,0
505,506,0
829,506,1
832,506,1
506,507,0
507,508,0
442,509,1
469,509,1
508,509,0
525,509,1
537,509,1
441,510,1
470,510,1
509,510,0
524,510,1
538,510,1
440,511,1
471,511,1
510,511,0
523,511,1
539,511,1
511,512,0
512,513,0
513,514,0
514,515,0
515,516,0
516,517,0
574,517,1
602,517,1
603,517,1
134,518,1
150,518,1
170,518,1
201,518,1
316,518,1
333,518,1
390,518,1
424,518,1
436,518,1
475,518,1
134,519,1
201,519,1
316,519,1
424,519,1
436,519,1
518,519,0
317,520,1
332,520,1
437,520,1
474,520,1
519,520,0
438,521,1
473,521,1
520,521,0
439,522,1
472,522,1
521,522,0
440,523,1
471,523,1
485,523,1
511,523,1
522,523,0
441,524,1
470,524,1
486,524,1
510,524,1
523,524,0
442,525,1
469,525,1
487,525,1
509,525,1
524,525,0
443,526,1
525,526,0
444,527,1
526,527,0
445,528,1
527,528,0
446,529,1
528,529,0
822,529,1
447,530,1
529,530,0
744,530,1
838,530,1
447,531,1
744,531,1
838,531,1
464,532,1
531,532,0
724,532,1
744,532,1
745,532,1
820,532,1
838,532,1
839,532,1
956,532,1
465,533,1
532,533,0
723,533,1
746,533,1
821,533,1
466,534,1
533,534,0
467,535,1
534,535,0
468,536,1
535,536,0
442,537,1
469,537,1
509,537,1
536,537,0
441,538,1
470,538,1
486,538,1
510,538,1
537,538,0
440,539,1
471,539,1
485,539,1
511,539,1
538,539,0
439,540,1
472,540,1
539,540,0
438,541,1
473,541,1
540,541,0
317,542,1
332,542,1
437,542,1
474,542,1
541,542,0
101,543,1
117,543,1
118,543,1
149,543,1
202,543,1
542,543,0
549,543,1
569,543,1
570,543,1
150,544,1
543,544,0
134,545,1
150,545,1
170,545,1
201,545,1
316,545,1
333,545,1
390,545,1
424,545,1
436,545,1
475,545,1
544,545,0
98,546,1
121,546,1
99,547,1
546,547,0
100,548,1
119,548,1
169,548,1
203,548,1
425,548,1
547,548,0
1175,548,1
101,549,1
117,549,1
118,549,1
149,549,1
202,549,1
543,549,1
548,549,0
102,550,1
117,550,1
149,550,1
549,550,0
63,551,1
79,551,1
80,551,1
103,551,1
116,551,1
550,551,0
64,552,1
79,552,1
551,552,0
65,553,1
78,553,1
552,553,0
66,554,1
77,554,1
553,554,0
554,555,0
555,556,0
556,557,0
557,558,0
23,559,1
24,559,1
558,559,0
23,560,1
24,560,1
560,561,0
561,562,0
562,563,0
76,564,1
563,564,0
66,565,1
77,565,1
564,565,0
65,566,1
78,566,1
565,566,0
63,567,1
64,567,1
79,567,1
566,567,0
63,568,1
80,568,1
103,568,1
116,568,1
567,568,0
101,569,1
102,569,1
117,569,1
149,569,1
543,569,1
568,569,0
101,570,1
118,570,1
202,570,1
543,570,1
569,570,0
100,571,1
119,571,1
169,571,1
203,571,1
425,571,1
570,571,0
1175,571,1
120,572,1
571,572,0
98,573,1
121,573,1
572,573,0
480,574,1
517,574,1
574,575,0
173,576,1
198,576,1
219,576,1
575,576,0
1196,576,1
1209,576,1
576,577,0
223,578,1
250,578,1
280,578,1
281,578,1
418,578,1
419,578,1
577,578,0
251,579,1
280,579,1
418,579,1
578,579,0
252,580,1
279,580,1
417,580,1
579,580,0
253,581,1
278,581,1
416,581,1
580,581,0
106,582,1
254,582,1
581,582,0
107,583,1
112,583,1
255,583,1
277,583,1
582,583,0
108,584,1
111,584,1
256,584,1
276,584,1
583,584,0
109,585,1
110,585,1
584,585,0
585,586,0
586,587,0
587,588,0
589,590,0
590,591,0
109,592,1
110,592,1
257,592,1
275,592,1
591,592,0
108,593,1
111,593,1
256,593,1
276,593,1
592,593,0
107,594,1
112,594,1
255,594,1
277,594,1
593,594,0
113,595,1
253,595,1
278,595,1
416,595,1
594,595,0
252,596,1
279,596,1
417,596,1
595,596,0
250,597,1
251,597,1
280,597,1
418,597,1
596,597,0
223,598,1
250,598,1
281,598,1
419,598,1
597,598,0
598,599,0
173,600,1
198,600,1
219,600,1
599,600,0
1196,600,1
1209,600,1
600,601,0
480,602,1
517,602,1
601,602,0
480,603,1
517,603,1
602,603,0
1168,604,1
1179,604,1
604,605,0
605,606,0
606,607,0
607,608,0
608,609,0
47,610,1
95,610,1
609,610,0
48,611,1
94,611,1
610,611,0
49,612,1
93,612,1
611,612,0
50,613,1
92,613,1
612,613,0
1189,613,1
1216,613,1
613,614,0
614,615,0
616,617,0
50,618,1
92,618,1
617,618,0
1189,618,1
1216,618,1
49,619,1
93,619,1
618,619,0
48,620,1
94,620,1
619,620,0
47,621,1
95,621,1
620,621,0
621,622,0
622,623,0
623,624,0
624,625,0
625,626,0
626,627,0
1168,627,1
1179,627,1
628,629,0
691,629,1
692,629,1
693,629,1
694,629,1
722,629,1
747,629,1
776,629,1
803,629,1
629,630,0
718,630,1
752,630,1
777,630,1
802,630,1
630,631,0
631,632,0
632,633,0
633,634,0
634,635,0
635,636,0
636,637,0
3,638,1
43,638,1
637,638,0
4,639,1
42,639,1
638,639,0
5,640,1
41,640,1
639,640,0
6,641,1
40,641,1
640,641,0
641,642,0
1191,642,1
1214,642,1
642,643,0
242,644,1
289,644,1
643,644,0
128,645,1
156,645,1
243,645,1
288,645,1
644,645,0
127,646,1
157,646,1
645,646,0
126,647,1
158,647,1
646,647,0
125,648,1
159,648,1
647,648,0
124,649,1
160,649,1
648,649,0
931,649,1
122,650,1
123,650,1
161,650,1
649,650,0
930,650,1
122,651,1
123,651,1
161,651,1
930,651,1
123,652,1
651,652,0
930,652,1
124,653,1
160,653,1
652,653,0
125,654,1
159,654,1
653,654,0
126,655,1
158,655,1
654,655,0
127,656,1
157,656,1
655,656,0
128,657,1
156,657,1
243,657,1
288,657,1
656,657,0
242,658,1
289,658,1
657,658,0
658,659,0
659,660,0
1191,660,1
1214,660,1
6,661,1
40,661,1
660,661,0
5,662,1
41,662,1
661,662,0
4,663,1
42,663,1
662,663,0
3,664,1
43,664,1
663,664,0
664,665,0
665,666,0
666,667,0
667,668,0
668,669,0
669,670,0
670,671,0
671,672,0
718,672,1
752,672,1
777,672,1
802,672,1
672,673,0
691,673,1
692,673,1
693,673,1
694,673,1
722,673,1
747,673,1
776,673,1
803,673,1
673,674,0
675,676,0
676,677,0
677,678,0
678,679,0
679,680,0
680,681,0
681,682,0
682,683,0
1165,683,1
1182,683,1
683,684,0
684,685,0
685,686,0
686,687,0
687,688,0
750,688,1
688,689,0
720,689,1
749,689,1
689,690,0
721,690,1
748,690,1
629,691,1
673,691,1
690,691,0
722,691,1
747,691,1
776,691,1
803,691,1
629,692,1
673,692,1
691,692,0
722,692,1
747,692,1
776,692,1
803,692,1
629,693,1
673,693,1
722,693,1
747,693,1
776,693,1
803,693,1
629,694,1
673,694,1
693,694,0
722,694,1
747,694,1
776,694,1
803,694,1
694,695,0
721,695,1
748,695,1
695,696,0
720,696,1
749,696,1
750,696,1
696,697,0
749,697,1
750,697,1
697,698,0
698,699,0
699,700,0
700,701,0
701,702,0
1165,702,1
1182,702,1
702,703,0
703,704,0
704,705,0
705,706,0
706,707,0
707,708,0
708,709,0
709,710,0
710,711,0
783,712,1
796,712,1
712,713,0
797,713,1
713,714,0
781,714,1
798,714,1
714,715,0
780,715,1
799,715,1
715,716,0
779,716,1
800,716,1
716,717,0
778,717,1
801,717,1
630,718,1
672,718,1
717,718,0
777,718,1
802,718,1
718,719,0
689,720,1
696,720,1
719,720,0
690,721,1
695,721,1
720,721,0
629,722,1
673,722,1
691,722,1
692,722,1
693,722,1
694,722,1
721,722,0
776,722,1
803,722,1
465,723,1
533,723,1
722,723,0
821,723,1
464,724,1
532,724,1
723,724,0
820,724,1
839,724,1
956,724,1
724,725,0
823,725,1
725,726,0
726,727,0
495,728,1
501,728,1
727,728,0
496,729,1
500,729,1
728,729,0
961,729,1
497,730,1
498,730,1
499,730,1
729,730,0
962,730,1
455,731,1
456,731,1
730,731,0
731,732,0
732,733,0
733,734,0
734,735,0
736,737,0
455,738,1
456,738,1
737,738,0
497,739,1
498,739,1
499,739,1
738,739,0
962,739,1
496,740,1
500,740,1
739,740,0
961,740,1
495,741,1
501,741,1
740,741,0
741,742,0
742,743,0
447,744,1
464,744,1
530,744,1
531,744,1
532,744,1
743,744,0
820,744,1
838,744,1
839,744,1
956,744,1
464,745,1
532,745,1
744,745,0
820,745,1
838,745,1
839,745,1
956,745,1
465,746,1
533,746,1
745,746,0
821,746,1
629,747,1
673,747,1
691,747,1
692,747,1
693,747,1
694,747,1
746,747,0
776,747,1
803,747,1
690,748,1
695,748,1
747,748,0
689,749,1
696,749,1
697,749,1
748,749,0
688,750,1
696,750,1
697,750,1
749,750,0
750,751,0
630,752,1
672,752,1
751,752,0
777,752,1
802,752,1
752,753,0
778,753,1
801,753,1
753,754,0
779,754,1
800,754,1
754,755,0
780,755,1
799,755,1
755,756,0
781,756,1
798,756,1
756,757,0
782,757,1
757,758,0
783,758,1
796,758,1
758,759,0
783,759,1
796,759,1
760,761,0
761,762,0
762,763,0
763,764,0
764,765,0
765,766,0
766,767,0
767,768,0
768,769,0
769,770,0
770,771,0
771,772,0
772,773,0
773,774,0
673,775,1
694,775,1
747,775,1
774,775,0
629,776,1
673,776,1
691,776,1
692,776,1
693,776,1
694,776,1
722,776,1
747,776,1
775,776,0
630,777,1
672,777,1
718,777,1
752,777,1
776,777,0
717,778,1
753,778,1
777,778,0
716,779,1
754,779,1
778,779,0
715,780,1
755,780,1
779,780,0
714,781,1
756,781,1
780,781,0
757,782,1
781,782,0
712,783,1
758,783,1
759,783,1
782,783,0
783,784,0
784,785,0
785,786,0
786,787,0
141,788,1
142,788,1
143,788,1
787,788,0
140,789,1
144,789,1
788,789,0
140,790,1
144,790,1
141,791,1
142,791,1
143,791,1
790,791,0
791,792,0
792,793,0
793,794,0
794,795,0
712,796,1
758,796,1
759,796,1
795,796,0
713,797,1
796,797,0
714,798,1
756,798,1
797,798,0
715,799,1
755,799,1
798,799,0
716,800,1
754,800,1
799,800,0
717,801,1
753,801,1
800,801,0
630,802,1
672,802,1
718,802,1
752,802,1
801,802,0
629,803,1
673,803,1
691,803,1
692,803,1
693,803,1
694,803,1
722,803,1
747,803,1
802,803,0
803,804,0
804,805,0
805,806,0
806,807,0
807,808,0
808,809,0
809,810,0
810,811,0
811,812,0
812,813,0
813,814,0
814,815,0
815,816,0
816,817,0
817,818,0
818,819,0
464,820,1
532,820,1
724,820,1
744,820,1
745,820,1
956,820,1
465,821,1
533,821,1
723,821,1
746,821,1
820,821,0
446,822,1
529,822,1
821,822,0
725,823,1
822,823,0
823,824,0
824,825,0
825,826,0
826,827,0
827,828,0
490,829,1
506,829,1
828,829,0
324,830,1
325,830,1
829,830,0
324,831,1
325,831,1
490,832,1
506,832,1
831,832,0
832,833,0
833,834,0
834,835,0
835,836,0
836,837,0
447,838,1
464,838,1
530,838,1
531,838,1
532,838,1
744,838,1
745,838,1
837,838,0
956,838,1
464,839,1
532,839,1
724,839,1
744,839,1
745,839,1
838,839,0
956,839,1
180,840,1
191,840,1
1049,840,1
1092,840,1
840,841,0
841,842,0
215,843,1
228,843,1
842,843,0
843,844,0
844,845,0
845,846,0
846,847,0
848,849,0
849,850,0
850,851,0
215,852,1
228,852,1
851,852,0
852,853,0
853,854,0
180,855,1
191,855,1
854,855,0
1049,855,1
1092,855,1
881,856,1
899,856,1
856,857,0
882,857,1
898,857,1
857,858,0
883,858,1
897,858,1
974,858,1
1025,858,1
1026,858,1
1048,858,1
858,859,0
884,859,1
1027,859,1
859,860,0
885,860,1
895,860,1
860,861,0
861,862,0
862,863,0
863,864,0
976,864,1
864,865,0
1037,865,1
865,866,0
866,867,0
867,868,0
1021,868,1
1036,868,1
1038,868,1
1021,869,1
1036,869,1
1038,869,1
869,870,0
870,871,0
871,872,0
1037,872,1
872,873,0
1023,873,1
873,874,0
1024,874,1
874,875,0
886,875,1
894,875,1
875,876,0
885,876,1
895,876,1
876,877,0
896,877,1
1047,877,1
877,878,0
883,878,1
897,878,1
974,878,1
1025,878,1
1026,878,1
1048,878,1
878,879,0
882,879,1
898,879,1
879,880,0
881,880,1
899,880,1
856,881,1
880,881,1
857,882,1
879,882,1
881,882,0
858,883,1
878,883,1
882,883,0
974,883,1
1025,883,1
1026,883,1
1048,883,1
859,884,1
883,884,0
1027,884,1
860,885,1
876,885,1
884,885,0
875,886,1
885,886,0
886,887,0
887,888,0
888,889,0
889,890,0
891,892,0
892,893,0
875,894,1
893,894,0
860,895,1
876,895,1
894,895,0
877,896,1
895,896,0
1047,896,1
858,897,1
878,897,1
896,897,0
974,897,1
1025,897,1
1026,897,1
1048,897,1
857,898,1
879,898,1
897,898,0
856,899,1
880,899,1
898,899,0
235,901,1
296,901,1
900,901,0
236,902,1
295,902,1
901,902,0
237,903,1
294,903,1
902,903,0
903,904,0
307,905,1
342,905,1
904,905,0
936,905,1
954,905,1
905,906,0
906,907,0
907,908,0
908,909,0
211,910,1
232,910,1
909,910,0
1093,910,1
1128,910,1
910,911,0
1094,911,1
1127,911,1
911,912,0
944,912,1
945,912,1
946,912,1
1095,912,1
1126,912,1
912,913,0
1096,913,1
1125,913,1
913,914,0
1097,914,1
1124,914,1
914,915,0
1098,915,1
1123,915,1
1140,915,1
1146,915,1
915,916,0
1098,916,1
1123,916,1
1140,916,1
1146,916,1
1098,917,1
1123,917,1
1140,917,1
1146,917,1
917,918,0
1098,918,1
1123,918,1
1140,918,1
1146,918,1
918,919,0
1097,919,1
1124,919,1
919,920,0
947,920,1
1096,920,1
1125,920,1
920,921,0
944,921,1
945,921,1
946,921,1
1095,921,1
1126,921,1
921,922,0
1094,922,1
1127,922,1
211,923,1
232,923,1
922,923,0
1093,923,1
1128,923,1
923,924,0
924,925,0
925,926,0
926,927,0
307,928,1
342,928,1
927,928,0
935,928,1
936,928,1
954,928,1
955,928,1
122,929,1
161,929,1
928,929,0
123,930,1
650,930,1
651,930,1
652,930,1
929,930,0
160,931,1
649,931,1
930,931,0
237,932,1
294,932,1
931,932,0
236,933,1
295,933,1
932,933,0
933,934,0
307,935,1
342,935,1
928,935,1
307,936,1
342,936,1
905,936,1
928,936,1
935,936,0
936,937,0
937,938,0
938,939,0
939,940,0
940,941,0
941,942,0
942,943,0
912,944,1
921,944,1
943,944,0
1095,944,1
1126,944,1
912,945,1
921,945,1
944,945,0
1095,945,1
1126,945,1
912,946,1
921,946,1
1095,946,1
1126,946,1
920,947,1
946,947,0
1125,947,1
947,948,0
948,949,0
949,950,0
950,951,0
951,952,0
952,953,0
307,954,1
342,954,1
905,954,1
928,954,1
953,954,0
307,955,1
342,955,1
928,955,1
954,955,0
464,956,1
532,956,1
724,956,1
744,956,1
745,956,1
820,956,1
838,956,1
839,956,1
448,957,1
956,957,0
449,958,1
462,958,1
957,958,0
958,959,0
959,960,0
496,961,1
500,961,1
729,961,1
740,961,1
960,961,0
497,962,1
498,962,1
499,962,1
730,962,1
739,962,1
961,962,0
962,963,0
963,964,0
964,965,0
965,966,0
966,967,0
967,968,0
968,969,0
969,970,0
970,971,0
971,972,0
265,973,1
266,973,1
972,973,0
858,974,1
878,974,1
883,974,1
897,974,1
1026,974,1
1048,974,1
1202,974,1
1203,974,1
974,975,0
864,976,1
975,976,0
976,977,0
977,978,0
978,979,0
979,980,0
980,981,0
981,982,0
982,983,0
983,984,0
984,985,0
985,986,0
986,987,0
987,988,0
988,989,0
1069,989,1
1072,989,1
989,990,0
1070,990,1
1071,990,1
990,991,0
991,992,0
992,993,0
993,994,0
994,995,0
995,996,0
996,997,0
997,998,0
998,999,0
1000,1001,0
1001,1002,0
1002,1003,0
1003,1004,0
1004,1005,0
1005,1006,0
1006,1007,0
1007,1008,0
1008,1009,0
1070,1009,1
1071,1009,1
1009,1010,0
1069,1010,1
1072,1010,1
1010,1011,0
1011,1012,0
1012,1013,0
1013,1014,0
1014,1015,0
1015,1016,0
1016,1017,0
1017,1018,0
1018,1019,0
1019,1020,0
868,1021,1
869,1021,1
1020,1021,0
1036,1021,1
1038,1021,1
1021,1022,0
873,1023,1
1022,1023,0
874,1024,1
1023,1024,0
858,1025,1
878,1025,1
883,1025,1
897,1025,1
1024,1025,0
1026,1025,1
1048,1025,1
1202,1025,1
1203,1025,1
858,1026,1
878,1026,1
883,1026,1
897,1026,1
974,1026,1
1025,1026,1
1202,1026,1
1203,1026,1
859,1027,1
884,1027,1
1026,1027,0
1027,1028,0
1028,1029,0
1029,1030,0
1030,1031,0
1031,1032,0
1032,1033,0
1033,1034,0
1034,1035,0
868,1036,1
869,1036,1
1021,1036,1
1035,1036,0
865,1037,1
872,1037,1
1036,1037,0
868,1038,1
869,1038,1
1021,1038,1
1038,1039,0
1039,1040,0
1040,1041,0
1041,1042,0
1042,1043,0
1043,1044,0
1044,1045,0
1045,1046,0
877,1047,1
896,1047,1
1046,1047,0
858,1048,1
878,1048,1
883,1048,1
897,1048,1
974,1048,1
1025,1048,1
1047,1048,0
1202,1048,1
1203,1048,1
180,1049,1
191,1049,1
840,1049,1
855,1049,1
183,1050,1
188,1050,1
1049,1050,0
1050,1051,0
1051,1052,0
1052,1053,0
1053,1054,0
1054,1055,0
1055,1056,0
1056,1057,0
1057,1058,0
1058,1059,0
1059,1060,0
1060,1061,0
1061,1062,0
1062,1063,0
1063,1064,0
1064,1065,0
1065,1066,0
1066,1067,0
1067,1068,0
989,1069,1
1010,1069,1
1068,1069,0
990,1070,1
1009,1070,1
1069,1070,0
990,1071,1
1009,1071,1
989,1072,1
1010,1072,1
1071,1072,0
1072,1073,0
1073,1074,0
1074,1075,0
1075,1076,0
1076,1077,0
1077,1078,0
1078,1079,0
1079,1080,0
1080,1081,0
1081,1082,0
1082,1083,0
1083,1084,0
1084,1085,0
1085,1086,0
1086,1087,0
1087,1088,0
1088,1089,0
1089,1090,0
183,1091,1
188,1091,1
1090,1091,0
180,1092,1
191,1092,1
840,1092,1
855,1092,1
1091,1092,0
211,1093,1
232,1093,1
910,1093,1
923,1093,1
911,1094,1
922,1094,1
1093,1094,0
912,1095,1
921,1095,1
944,1095,1
945,1095,1
946,1095,1
1094,1095,0
913,1096,1
920,1096,1
1095,1096,0
914,1097,1
919,1097,1
1096,1097,0
915,1098,1
916,1098,1
917,1098,1
918,1098,1
1097,1098,0
1140,1098,1
1146,1098,1
1098,1099,0
1141,1099,1
1145,1099,1
1099,1100,0
1142,1100,1
1143,1100,1
1144,1100,1
1100,1101,0
1101,1102,0
1102,1103,0
1103,1104,0
1104,1105,0
1105,1106,0
1106,1107,0
1107,1108,0
1108,1109,0
1109,1110,0
1111,1112,0
1112,1113,0
1113,1114,0
1114,1115,0
1115,1116,0
1116,1117,0
1117,1118,0
1118,1119,0
1119,1120,0
1120,1121,0
1142,1121,1
1143,1121,1
1144,1121,1
1121,1122,0
1141,1122,1
1145,1122,1
915,1123,1
916,1123,1
917,1123,1
918,1123,1
1122,1123,0
1140,1123,1
1146,1123,1
914,1124,1
919,1124,1
1123,1124,0
913,1125,1
920,1125,1
947,1125,1
1124,1125,0
912,1126,1
921,1126,1
944,1126,1
945,1126,1
946,1126,1
1125,1126,0
911,1127,1
922,1127,1
1126,1127,0
211,1128,1
232,1128,1
910,1128,1
923,1128,1
1127,1128,0
301,1130,1
1129,1130,0
1130,1131,0
1131,1132,0
1132,1133,0
1133,1134,0
1134,1135,0
1135,1136,0
1136,1137,0
1137,1138,0
1138,1139,0
915,1140,1
916,1140,1
917,1140,1
918,1140,1
1098,1140,1
1123,1140,1
1139,1140,0
1099,1141,1
1122,1141,1
1140,1141,0
1100,1142,1
1121,1142,1
1141,1142,0
1100,1143,1
1121,1143,1
1142,1143,0
1100,1144,1
1121,1144,1
1099,1145,1
1122,1145,1
1144,1145,0
915,1146,1
916,1146,1
917,1146,1
918,1146,1
1098,1146,1
1123,1146,1
1145,1146,0
1146,1147,0
1147,1148,0
1148,1149,0
1149,1150,0
1150,1151,0
1151,1152,0
1152,1153,0
1153,1154,0
1154,1155,0
1155,1156,0
301,1157,1
348,1157,1
1156,1157,0
1157,1158,0
1159,1160,0
1160,1161,0
1161,1162,0
1162,1163,0
1163,1164,0
683,1165,1
702,1165,1
1164,1165,0
1165,1166,0
1166,1167,0
604,1168,1
627,1168,1
1167,1168,0
1168,1169,0
1169,1170,0
1170,1171,0
1171,1172,0
1172,1173,0
100,1175,1
119,1175,1
169,1175,1
203,1175,1
425,1175,1
548,1175,1
571,1175,1
1174,1175,0
1175,1176,0
430,1177,1
1176,1177,0
1177,1178,0
604,1179,1
627,1179,1
1178,1179,0
1179,1180,0
1180,1181,0
683,1182,1
702,1182,1
1181,1182,0
1182,1183,0
1183,1184,0
1184,1185,0
1185,1186,0
1186,1187,0
1187,1188,0
50,1189,1
92,1189,1
613,1189,1
618,1189,1
90,1190,1
1189,1190,0
642,1191,1
660,1191,1
1190,1191,0
1191,1192,0
10,1193,1
37,1193,1
1192,1193,0
1193,1194,0
1194,1195,0
173,1196,1
198,1196,1
219,1196,1
421,1196,1
576,1196,1
600,1196,1
1195,1196,0
174,1197,1
197,1197,1
218,1197,1
225,1197,1
1196,1197,0
1197,1198,0
1198,1199,0
1199,1200,0
1200,1201,0
974,1202,1
1025,1202,1
1026,1202,1
1048,1202,1
1201,1202,0
974,1203,1
1025,1203,1
1026,1203,1
1048,1203,1
1203,1204,0
1204,1205,0
1205,1206,0
1206,1207,0
174,1208,1
197,1208,1
218,1208,1
225,1208,1
1207,1208,0
173,1209,1
198,1209,1
219,1209,1
421,1209,1
576,1209,1
600,1209,1
1208,1209,0
1209,1210,0
1210,1211,0
10,1212,1
37,1212,1
1211,1212,0
1212,1213,0
642,1214,1
660,1214,1
1213,1214,0
90,1215,1
1214,1215,0
50,1216,1
92,1216,1
613,1216,1
618,1216,1
1215,1216,0
