"1-AOU_E","1-AOU_O","1-AOU_S","1-MAI_N","1-MAI_S","20P1_O ","20P2_O ","20P3_O ","20P4_O ","20P5_E ","20P6_O ","3CHAS_E","3CHAS_O","ABEIL_N","ABEIL_S","ALE_O  ","ALLIE_N","ALLIE_S","ALPES_N","ALPES_S","ANCPO_E","ANCPO_O","APER_N ","ARC-C_E","ARC-C_O","ARGAN_N","ARGAN_S","AUBEP_N","AUBER_E","AUBER_N","AUBER_S","AVNIR_O","B-AIR_C","B-AIR_D","B-AIR_N","B-AIR_O","B-RIV_N","B-RIV_S","BALAN_N","BALAN_S","BALLE_S","BARRE_N","BASS_F ","BASS_R ","BATEL_E","BATEL_O","BAUM_N ","BAUM_S ","BDESS_D","BDESS_M","BDESS_N","BDESS_S","BELMT_E","BELMT_O","BELVO_B","BELVO_D","BELVO_M","BELVO_N","BELVO_S","BENJC_N","BENJC_S","BERG_E ","BERG_O ","BER_B  ","BESS_B ","BESS_D ","BESS_M ","BESS_N ","BESS_S ","BETHA_N","BETHA_S","BETHU_E","BETHU_N","BETHU_O","BGARD_E","BGARD_S","BGENT_N","BGENT_S","BGNON_E","BGNON_O","BIOLL_N","BIOLL_S","BLECH_E","BLECH_N","BLESS_E","BLESS_O","BLIEU_E","BLIEU_O","BLIJO_D","BLIJO_E","BLIJO_M","BLIJO_O","BLVDR_E","BLVDR_O","BMURA_B","BNEN_E ","BNEN_O ","BNETT_B","BNETT_F","BNETT_R"
0,4,69,455,455,1015,1526,1224,916,978,1235,2803,2797,2480,2441,967,1835,1831,1624,1690,3131,3141,1224,617,626,825,797,1223,3789,3895,3900,225,1011,1007,1048,1015,1975,1808,2655,2647,2652,1599,948,994,1104,1118,726,945,642,643,626,672,2464,2439,1685,1714,1773,1732,1763,1613,1218,1570,1565,3707,1415,1553,1562,1422,1415,1455,1470,1808,1896,1874,1309,1294,1926,1939,831,858,2378,2380,2053,2049,2465,2527,1320,1326,1322,1332,1331,1333,1267,1292,2549,642,624,842,883,835
4,0,72,458,458,1012,1523,1221,913,975,1232,2803,2797,2480,2441,967,1835,1831,1624,1690,3131,3141,1221,620,629,822,794,1223,3789,3895,3900,228,1011,1007,1048,1015,1972,1808,2655,2647,2652,1599,945,991,1101,1115,726,945,642,643,626,672,2464,2439,1685,1714,1773,1732,1763,1613,1218,1570,1565,3707,1415,1553,1562,1422,1415,1455,1470,1808,1896,1874,1306,1291,1926,1939,831,858,2378,2380,2053,2049,2465,2527,1320,1326,1322,1332,1331,1333,1267,1292,2549,639,621,839,880,832
67,70,0,476,476,997,1508,1206,898,960,1217,2869,2863,2546,2507,1033,1901,1897,1690,1756,3197,3207,1206,638,647,807,779,1289,3855,3961,3966,246,1077,1073,1114,1081,1957,1966,2721,2713,2718,1665,930,976,1086,1100,792,854,708,709,692,738,2814,2789,1751,1780,1839,1798,1829,1679,1284,1636,1631,3773,1481,1619,1628,1488,1481,1521,1536,1874,1962,1940,1291,1276,1992,2005,755,763,2444,2446,2119,2115,2815,2877,1386,1392,1388,1398,1397,1399,1333,1358,2615,624,606,824,865,817
456,458,478,0,NA,1339,1850,1548,1240,1302,1507,3299,3293,2934,2895,1463,2451,2447,2078,2144,3627,3637,1548,675,684,1149,1121,1311,4285,4391,4396,294,1465,1461,1502,1469,2264,2262,3109,3101,3106,2053,1272,1318,1428,1442,713,648,345,346,329,375,3156,3131,2301,2330,2389,2348,2379,2067,1672,1628,1540,4143,1869,2007,2016,1876,1869,1337,1301,2322,2410,2388,1633,1618,2380,2393,534,561,2832,2834,2567,2563,3157,3219,1816,1822,1818,1828,1827,1829,1763,1788,3003,966,948,1166,1207,1159
456,458,478,NA,0,1339,1850,1548,1240,1302,1507,3299,3293,2934,2895,1463,2451,2447,2078,2144,3627,3637,1548,675,684,1149,1121,1311,4285,4391,4396,294,1465,1461,1502,1469,2264,2262,3109,3101,3106,2053,1272,1318,1428,1442,713,648,345,346,329,375,3156,3131,2301,2330,2389,2348,2379,2067,1672,1628,1540,4143,1869,2007,2016,1876,1869,1337,1301,2322,2410,2388,1633,1618,2380,2393,534,561,2832,2834,2567,2563,3157,3219,1816,1822,1818,1828,1827,1829,1763,1788,3003,966,948,1166,1207,1159
1194,1191,1174,1517,1517,0,724,750,346,464,580,2698,2692,2754,2715,1927,2210,2206,1841,1863,3026,3036,750,2169,2178,255,227,1643,3684,3790,3795,1356,1712,1786,1769,1794,2005,2003,2970,2962,3327,1913,931,977,1115,1129,2301,2363,2157,2158,2141,2187,2843,2818,2180,2209,2268,2227,2258,1951,1988,2129,2120,3902,1620,1878,1887,1627,1620,1830,1845,2183,2271,2249,1320,1305,2541,2554,2264,2272,3053,3055,2428,2424,2844,2906,1916,1894,1902,2130,1911,2131,1519,1541,2984,642,667,426,443,506
1706,1703,1686,2029,2029,725,0,520,860,982,621,2894,2888,2950,2911,2123,2406,2402,2037,2059,3222,3232,520,2340,2349,769,741,1839,3880,3986,3991,1868,1908,1982,1965,1990,2201,2199,3166,3158,3523,2109,719,765,1521,1535,2497,2559,2353,2354,2337,2383,3249,3224,2376,2405,2464,2423,2454,2147,2184,2325,2316,4098,1816,2074,2083,1823,1816,2026,2041,2379,2467,2445,1726,1711,2737,2750,2460,2468,3249,3251,2624,2620,3250,3312,2112,2090,2098,2326,2107,2327,1715,1737,3180,1048,1073,832,849,912
1224,1221,1204,1547,1547,753,520,0,404,554,904,2429,2423,2425,2386,1658,1821,1817,1512,1534,2757,2767,NA,1575,1584,496,525,1924,3415,3521,3526,1386,1443,1517,1500,1525,2059,2051,2701,2693,3058,1958,376,422,1622,1636,1912,1974,1588,1589,1572,1618,3350,3325,1911,1940,1999,1958,1989,1682,1719,1740,1731,3633,1674,1609,1618,1681,1674,2041,2056,1794,1882,1860,1827,1812,2332,2345,1875,1883,2784,2786,2039,2035,3351,3413,1527,1505,1513,1533,1522,1534,1250,1272,2715,969,994,753,770,833
1098,1095,1078,1421,1421,350,862,403,0,164,852,2391,2385,2387,2348,1620,1783,1779,1474,1496,2719,2729,403,1717,1726,93,122,1886,3377,3483,3488,1260,1405,1479,1462,1487,2021,2013,2663,2655,3020,1920,624,798,1340,1354,1874,1936,1730,1731,1714,1760,3312,3287,1873,1902,1961,1920,1951,1644,1681,1702,1693,3595,1636,1571,1580,1643,1636,2003,2018,1756,1844,1822,1545,1530,2294,2307,1837,1845,2746,2748,2001,1997,3313,3375,1489,1467,1475,1495,1484,1496,1212,1234,2677,931,956,715,732,795
1098,1095,1078,1421,1421,466,922,555,164,0,719,2267,2261,2263,2224,1496,1659,1655,1350,1372,2595,2605,555,1593,1602,218,239,1762,3253,3359,3364,1260,1281,1355,1338,1363,1897,1889,2539,2531,2896,1796,500,546,1396,1410,1750,1812,1606,1607,1590,1636,3188,3163,1749,1778,1837,1796,1827,1520,1557,1578,1569,3471,1512,1447,1456,1519,1512,1879,1894,1632,1720,1698,1601,1586,2170,2183,1713,1721,2622,2624,1877,1873,3189,3251,1365,1343,1351,1371,1360,1372,1088,1110,2553,807,832,591,608,671
1415,1412,1395,1738,1738,580,681,967,626,718,0,2656,2650,2652,2613,1885,2048,2044,1739,1761,2984,2994,967,2390,2399,751,730,2151,3642,3748,3753,1577,1670,1744,1727,1752,2179,2188,2928,2920,3285,2185,1129,1175,1308,1322,2139,2201,1995,1996,1979,2025,3036,3011,2138,2167,2226,2185,2216,1909,1946,1967,1958,3860,1901,1836,1845,1908,1901,2268,2283,2021,2109,2087,1513,1498,2559,2572,2102,2110,3011,3013,2266,2262,3037,3099,1754,1732,1740,1760,1749,1761,1477,1499,2942,801,826,610,642,665
2991,2988,2971,2969,2969,2759,3014,2549,2450,2327,2716,0,NA,1029,1012,1524,1272,1268,1573,1639,408,418,2549,3066,3075,2504,2532,1705,1066,1889,1884,2687,1423,1424,1367,1432,1690,1682,3292,3284,1789,1497,2453,2499,1913,1927,2143,2205,1999,2000,1983,2029,2021,1996,1722,1751,1810,1769,1800,1117,1114,1971,1962,3744,982,1033,1042,989,982,2047,1990,1365,1453,1431,1799,1857,1963,1976,2106,2114,1515,1517,2270,2266,2082,2144,1758,1736,1744,1764,1753,1765,1913,1937,1349,2411,2393,2124,2141,2204
2985,2982,2965,2963,2963,2753,3008,2543,2444,2321,2710,NA,0,1023,1006,1518,1266,1262,1567,1633,402,412,2543,3060,3069,2498,2526,1699,1060,1883,1878,2681,1417,1418,1361,1426,1684,1676,3286,3278,1783,1491,2447,2493,1907,1921,2137,2199,1993,1994,1977,2023,2015,1990,1716,1745,1804,1763,1794,1111,1108,1965,1956,3738,976,1027,1036,983,976,2041,1984,1359,1447,1425,1793,1851,1957,1970,2100,2108,1509,1511,2264,2260,2076,2138,1752,1730,1738,1758,1747,1759,1907,1931,1343,2405,2387,2118,2135,2198
1939,1936,1919,3006,3006,2208,2463,1998,1899,1776,2165,729,723,0,39,1768,1021,1017,1600,1622,1057,1067,1998,2335,2344,1953,1981,2129,2637,2538,2533,2724,1565,1561,1602,1569,1499,1491,1428,1420,1665,1252,1902,1948,1722,1736,1892,1954,1748,1749,1732,1778,2430,2405,1012,1008,896,1060,1091,926,923,1720,1711,3613,791,842,851,798,791,1496,1439,1114,1202,1180,1608,1666,1400,1413,1855,1863,1391,1393,1587,1583,2431,2493,1620,1485,1447,1512,1438,1513,1830,1854,732,1789,1814,1573,1590,1653
1922,1919,1902,2967,2967,2191,2446,1981,1882,1759,2148,712,706,39,0,1729,1004,1000,1561,1583,1040,1050,1981,2318,2327,1936,1964,2090,2620,2521,2516,2685,1526,1522,1563,1530,1482,1474,1389,1381,1506,1213,1885,1931,1705,1719,1875,1937,1731,1732,1715,1761,2413,2388,973,969,857,1021,1052,909,906,1703,1694,3596,774,825,834,781,774,1479,1422,1097,1185,1163,1591,1649,1361,1374,1838,1846,1232,1234,1548,1544,2414,2476,1581,1468,1408,1473,1399,1474,1791,1815,715,1772,1797,1556,1573,1636
1293,1295,1315,1350,1350,1928,2183,1718,1619,1496,1682,1701,1695,1798,1759,0,913,909,507,529,2029,2039,1718,1447,1456,1673,1701,672,3130,3236,3241,1068,297,213,334,200,918,916,1916,1908,2153,773,1622,1668,787,772,1189,1251,1045,1046,1029,1075,1782,1757,802,831,890,849,880,654,536,571,562,2461,778,734,743,785,778,593,608,796,884,862,1129,1114,854,867,1028,1055,1879,1881,870,866,1783,1845,512,563,420,430,429,431,414,438,1870,1152,1134,1293,1310,1373
2124,2126,2146,2181,2181,2451,2706,2241,2142,2019,2408,792,786,1021,1004,1003,0,27,1075,1097,1120,1130,2241,2578,2587,2196,2224,1364,2700,2601,2596,1899,800,796,837,804,1239,1237,1544,1536,1601,1069,2145,2191,1438,1423,2135,2197,1827,1828,1814,1821,1433,1408,1414,1443,1502,1461,1492,689,686,1363,1354,3736,554,605,614,561,554,1664,1679,245,176,258,1330,1315,1655,1668,1679,1706,1327,1329,1662,1658,1434,1496,1150,1128,1291,1301,1300,1302,1320,1367,1438,1803,1785,1816,1833,1996
2120,2122,2142,2177,2177,2447,2702,2237,2138,2015,2404,788,782,1017,1000,999,27,0,1071,1093,1116,1126,2237,2574,2583,2192,2220,1360,2696,2597,2592,1895,796,792,833,800,1235,1233,1540,1532,1597,1065,2141,2187,1434,1419,2131,2193,1823,1824,1810,1817,1484,1459,1410,1439,1498,1457,1488,685,682,1359,1350,3732,550,601,610,557,550,1660,1675,218,149,231,1326,1311,1651,1664,1675,1702,1323,1325,1658,1654,1485,1547,1146,1124,1287,1297,1296,1298,1316,1363,1434,1799,1781,1812,1829,1992
1793,1795,1815,1850,1850,1842,2097,1632,1533,1410,1596,1813,1807,1765,1726,694,1025,1021,0,66,2141,2151,1632,1947,1956,1587,1615,748,3011,3117,3122,1568,491,487,528,495,548,546,1965,1957,2202,958,1536,1582,914,928,1879,1941,1616,1617,1603,1610,1502,1477,1225,1254,1313,1272,1303,456,480,1154,1214,3007,646,697,706,653,646,935,950,963,1051,1019,759,744,1144,1157,1468,1495,1928,1930,1331,1327,1503,1565,883,889,925,970,934,962,1177,1146,1762,1354,1336,1207,1224,1287
1856,1858,1397,1913,1913,1861,2116,1651,1552,1429,1615,1876,1870,1828,1789,713,1088,1084,63,0,2204,2214,1651,2010,2019,1606,1634,767,3015,3121,3126,1631,510,506,547,514,482,480,2028,2020,2265,977,1555,1601,977,991,2025,1978,1679,1680,1666,1673,1565,1540,1244,1273,1332,1291,1322,519,543,1173,1233,3026,709,760,769,716,709,954,969,1061,1149,1038,822,807,1207,1220,1531,1558,1991,1993,1394,1390,1566,1628,902,908,988,989,997,981,1196,1165,1825,1306,1288,1226,1243,1499
3319,3316,3299,3297,3297,3087,3342,2877,2778,2655,3044,408,402,1357,1340,1852,1600,1596,1901,1967,0,24,2877,3394,3403,2832,2860,2033,674,1497,1492,3015,1751,1752,1695,1760,2018,2010,2900,2892,2117,1825,2781,2827,2241,2255,2471,2533,2327,2328,2311,2357,2349,2324,2050,2079,2138,2097,2128,1445,1442,2299,2290,4072,1310,1361,1370,1317,1310,2375,2318,1693,1781,1759,2127,2185,2291,2304,2434,2442,1843,1845,2598,2594,2410,2472,2086,2064,2072,2092,2081,2093,2241,2265,1677,2739,2721,2452,2469,2532
3329,3326,3309,3307,3307,3097,3352,2887,2788,2665,3054,418,412,1367,1350,1862,1610,1606,1911,1977,24,0,2887,3404,3413,2842,2870,2043,684,1507,1502,3025,1761,1762,1705,1770,2028,2020,2910,2902,2127,1835,2791,2837,2251,2265,2481,2543,2337,2338,2321,2367,2359,2334,2060,2089,2148,2107,2138,1455,1452,2309,2300,4082,1320,1371,1380,1327,1320,2385,2328,1703,1791,1769,2137,2195,2301,2314,2444,2452,1853,1855,2608,2604,2420,2482,2096,2074,2082,2102,2091,2103,2251,2275,1687,2749,2731,2462,2479,2542
1224,1221,1204,1547,1547,753,520,NA,404,554,904,2429,2423,2425,2386,1658,1821,1817,1512,1534,2757,2767,0,1575,1584,496,525,1924,3415,3521,3526,1386,1443,1517,1500,1525,2059,2051,2701,2693,3058,1958,376,422,1622,1636,1912,1974,1588,1589,1572,1618,3350,3325,1911,1940,1999,1958,1989,1682,1719,1740,1731,3633,1674,1609,1618,1681,1674,2041,2056,1794,1882,1860,1827,1812,2332,2345,1875,1883,2784,2786,2039,2035,3351,3413,1527,1505,1513,1533,1522,1534,1250,1272,2715,969,994,753,770,833
449,449,517,885,885,1810,2321,1515,1711,1473,1738,3126,3120,2923,2884,1567,2458,2454,2067,2133,3454,3464,1515,0,49,1620,1592,1666,4112,4218,4223,673,1454,1450,1491,1458,2253,2251,3098,3090,3095,2042,1239,1285,1659,1673,1349,1411,1116,1117,1057,1081,3387,3362,2308,2337,2396,2355,2386,2056,1661,1777,1768,4150,1858,1996,2005,1865,1858,2078,2093,2311,2399,2377,1864,1849,2369,2382,1312,1320,2821,2823,2076,2072,3388,3450,1564,1542,1765,1775,1774,1776,1710,1735,2992,1197,1179,1397,1438,1390
458,458,526,894,894,1819,2330,1524,1720,1482,1747,3135,3129,2932,2893,1576,2467,2463,2076,2142,3463,3473,1524,49,0,1629,1601,1675,4121,4227,4232,682,1463,1459,1500,1467,2262,2260,3107,3099,3104,2051,1248,1294,1668,1682,1358,1420,1125,1126,1066,1090,3396,3371,2317,2346,2405,2364,2395,2065,1670,1786,1777,4159,1867,2005,2014,1874,1867,2087,2102,2320,2408,2386,1873,1858,2378,2391,1321,1329,2830,2832,2085,2081,3397,3459,1573,1551,1774,1784,1783,1785,1719,1744,3001,1206,1188,1406,1447,1399
1005,1002,985,1328,1328,256,769,496,92,217,751,2444,2438,2440,2401,1673,1836,1832,1527,1549,2772,2782,496,1980,1989,0,29,1939,3430,3536,3541,1167,1458,1532,1515,1540,2074,2066,2716,2708,3073,1973,677,723,1247,1261,1927,1989,1783,1784,1767,1813,3365,3340,1926,1955,2014,1973,2004,1697,1734,1755,1746,3648,1689,1624,1633,1696,1689,2056,2071,1809,1897,1875,1452,1437,2347,2360,1890,1898,2799,2801,2054,2050,3366,3428,1542,1520,1528,1548,1537,1549,1265,1287,2730,984,1009,768,785,848
977,974,957,1300,1300,228,741,536,120,238,730,2472,2466,2468,2429,1701,1864,1860,1555,1577,2800,2810,536,1952,1961,29,0,1967,3458,3564,3569,1139,1486,1560,1543,1568,2102,2094,2744,2736,3101,2001,705,751,1219,1233,1955,2017,1811,1812,1795,1841,2947,2922,1954,1983,2042,2001,2032,1725,1762,1783,1774,3676,1717,1652,1661,1724,1717,2084,2099,1837,1925,1903,1424,1409,2375,2388,1918,1926,2827,2829,2082,2078,2948,3010,1570,1548,1556,1576,1565,1577,1293,1315,2758,1012,1037,796,813,876
1452,1454,1474,1509,1509,2194,2449,1984,1885,1762,2151,1972,1966,2069,2030,672,1184,1180,1004,1026,2300,2310,1984,1666,1675,1939,1967,0,2958,3064,3069,1227,393,389,430,397,1280,1278,2097,2089,2454,1141,1888,1934,1058,1043,1392,1239,940,941,927,934,1846,1821,1154,1183,1242,1201,1232,824,807,414,447,2720,1004,1032,1041,1011,1004,197,212,1157,1245,1223,1463,1448,964,947,792,819,2180,2182,743,739,1847,1909,446,395,619,589,628,551,685,709,2051,1423,1405,1559,1576,1639
4097,4094,4077,4075,4075,3865,4120,3655,3556,3433,3822,1186,1180,2135,2118,2630,2378,2374,2679,2745,794,804,3655,4172,4181,3610,3638,2811,0,116,121,3793,2529,2530,2473,2538,2796,2788,2080,2072,2895,2603,3559,3605,3019,3033,3249,3311,3105,3106,3089,3135,3127,3102,2828,2857,2916,2875,2906,2223,2220,3077,3068,4850,2088,2139,2148,2095,2088,3153,3096,2471,2559,2537,2905,2963,3069,3082,3212,3220,2621,2623,3376,3372,3188,3250,2864,2842,2850,2870,2859,2871,3019,3043,2455,3517,3499,3230,3247,3310
4203,4200,4183,4181,4181,3971,4226,3761,3662,3539,3928,1292,1286,2241,2224,2736,2484,2480,2785,2851,900,910,3761,4278,4287,3716,3744,2917,116,0,NA,3899,2635,2636,2579,2644,2902,2894,2101,2093,3001,2709,3665,3711,3125,3139,3355,3417,3211,3212,3195,3241,3233,3208,2934,2963,3022,2981,3012,2329,2326,3183,3174,4956,2194,2245,2254,2201,2194,3259,3202,2577,2665,2643,3011,3069,3175,3188,3318,3326,2727,2729,3482,3478,3294,3356,2970,2948,2956,2976,2965,2977,3125,3149,2561,3623,3605,3336,3353,3416
4208,4205,4188,4186,4186,3976,4231,3766,3667,3544,3933,1297,1291,2246,2229,2741,2489,2485,2790,2856,905,915,3766,4283,4292,3721,3749,2922,121,NA,0,3904,2640,2641,2584,2649,2907,2899,2096,2088,3006,2714,3670,3716,3130,3144,3360,3422,3216,3217,3200,3246,3238,3213,2939,2968,3027,2986,3017,2334,2331,3188,3179,4961,2199,2250,2259,2206,2199,3264,3207,2582,2670,2648,3016,3074,3180,3193,3323,3331,2732,2734,3487,3483,3299,3361,2975,2953,2961,2981,2970,2982,3130,3154,2566,3628,3610,3341,3358,3421
226,228,248,294,294,1177,1688,1386,1078,1140,1345,3027,3021,2704,2665,1191,2059,2055,1848,1914,3355,3365,1386,393,402,987,959,1447,4013,4119,4124,0,1235,1231,1272,1239,2137,2146,2879,2871,2876,1823,1110,1156,1266,1280,954,889,586,587,570,616,2994,2969,1909,1938,1997,1956,1987,1837,1442,1794,1789,3931,1639,1777,1786,1646,1639,1679,1694,2032,2120,2098,1471,1456,2150,2163,775,802,2602,2604,2277,2273,2995,3057,1544,1550,1546,1556,1555,1557,1491,1516,2773,804,786,1004,1045,997
1240,1242,1262,1297,1297,1654,1909,1444,1345,1222,1408,1468,1462,1565,1526,297,680,676,431,453,1796,1806,1444,1394,1403,1399,1427,353,2987,3093,3098,1015,0,90,57,98,715,713,1815,1807,2052,603,1348,1394,734,719,1147,1209,1003,1004,987,1033,1609,1584,830,859,918,877,908,573,610,659,650,2577,608,559,568,615,608,540,555,653,741,719,926,911,651,664,975,1002,1778,1780,838,834,1610,1672,446,424,432,452,441,453,361,385,1829,1235,1081,1019,1036,1099
1236,1238,1258,1293,1293,1727,1982,1517,1418,1295,1481,1464,1458,1561,1522,213,676,672,427,449,1792,1802,1517,1390,1399,1472,1500,349,3076,3182,3187,1011,90,0,127,76,711,709,1816,1808,2053,673,1421,1467,730,715,1156,1218,1012,1013,996,1042,1605,1580,826,855,914,873,904,316,299,655,646,2555,678,634,643,685,678,536,551,649,737,715,922,907,647,660,971,998,1779,1781,834,830,1606,1668,442,420,602,612,611,613,357,381,1770,1095,1077,1092,1109,1172
1277,1279,1299,1334,1334,1710,1965,1500,1401,1278,1464,1505,1499,1602,1563,334,717,713,468,490,1833,1843,1500,1431,1440,1455,1483,390,3043,3149,3154,1052,57,127,0,135,752,750,1759,1751,1996,616,1404,1450,771,756,1184,1246,1040,1041,1024,1070,1646,1621,867,896,955,914,945,629,666,696,687,2614,621,577,586,628,621,577,592,690,778,756,963,948,688,701,1012,1039,1722,1724,875,871,1647,1709,483,461,469,489,478,490,398,422,1713,1291,1118,1075,1092,1155
1244,1246,1266,1301,1301,1735,1990,1525,1426,1303,1489,1472,1466,1569,1530,200,684,680,435,457,1800,1810,1525,1398,1407,1480,1508,357,3084,3190,3195,1019,98,76,135,0,719,717,1824,1816,2061,681,1429,1475,738,723,1081,1143,937,938,921,967,1613,1588,834,863,922,881,912,324,307,663,654,2480,686,642,651,693,686,544,559,657,745,723,930,915,655,668,979,1006,1787,1789,842,838,1614,1676,450,428,619,629,628,630,365,389,1778,1103,1085,1100,1117,1180
1809,1806,1789,2132,2132,1880,2286,1879,1780,1657,1751,1630,1624,1559,1767,1193,1082,1078,787,754,1958,1968,1879,2528,2537,1834,1804,1615,2616,2722,2727,1971,990,986,1027,994,0,10,2082,2074,2319,1219,1783,1829,841,826,1773,1835,1629,1630,1613,1659,2174,2149,1592,1621,1680,1639,1670,872,896,1553,1544,3194,1032,1083,1092,1039,1032,1614,1629,995,1083,1400,561,619,1783,1796,1736,1744,2045,2047,1970,1966,2175,2237,1340,1318,1326,1346,1335,1347,1555,1579,1879,1229,1211,1429,1470,1422
1756,1753,1736,2079,2079,1827,2233,1871,1772,1649,1698,1622,1616,1551,1759,1202,1074,1070,796,763,1950,1960,1871,2537,2546,1826,1854,1624,2608,2714,2719,1918,999,995,1036,1003,10,0,2074,2066,2311,1211,1775,1821,839,824,1765,1827,1621,1622,1605,1651,2183,2158,1584,1613,1672,1631,1662,881,905,1562,1553,3186,1024,1075,1084,1031,1024,1623,1638,987,1075,1392,570,628,1792,1805,1728,1736,2037,2039,1979,1975,2184,2246,1349,1327,1335,1355,1344,1356,1564,1588,1871,1176,1158,1376,1417,1369
3304,3306,3326,3361,3361,3211,3466,3001,2902,2779,2965,1672,1666,1548,1509,2036,1484,1480,2145,2211,3800,3810,3001,3458,3467,2956,2984,2117,3100,3121,3116,3079,1866,1936,1879,1944,2202,2194,0,NA,1821,1621,2905,2951,2365,2379,2775,2837,2631,2632,2615,2661,3013,2988,2174,2203,2262,2221,2252,1689,1686,2243,2234,5576,1554,1605,1614,1561,1554,2304,2319,1457,1545,1742,2311,2369,2415,2428,2738,2746,1547,1549,2602,2598,3014,3076,2030,2008,2016,2036,2025,2037,2560,2432,1484,2792,3025,2576,2593,2656
3296,3298,3318,3353,3353,3203,3458,2993,2894,2771,2957,1664,1658,1540,1501,2028,1476,1472,2137,2203,3792,3802,2993,3450,3459,2948,2976,2109,3092,3113,3108,3071,1858,1928,1871,1936,2194,2186,NA,0,1813,1613,2897,2943,2357,2371,2767,2829,2623,2624,2607,2653,3005,2980,2166,2195,2254,2213,2244,1681,1678,2235,2226,5568,1546,1597,1606,1553,1546,2296,2311,1449,1537,1734,2303,2361,2407,2420,2730,2738,1539,1541,2594,2590,3006,3068,2022,2000,2008,2028,2017,2029,2552,2424,1476,2784,3017,2568,2585,2648
3019,3016,2999,2774,2774,2787,3042,2577,2478,2355,2744,1608,1602,1244,1205,1792,1300,1296,1841,1907,1936,1946,2577,3454,3463,2532,2560,2113,2594,2700,2705,3075,1691,1692,1635,1700,1958,1950,1400,1392,0,1765,2481,2527,1881,1895,2771,2833,2627,2628,2611,2657,3009,2984,2050,2079,2138,2097,2128,1385,1382,2239,2230,3772,1250,1301,1310,1257,1250,2075,2018,1565,1604,1498,1726,1711,1991,2004,2734,2742,270,259,2178,2174,3010,3072,2026,2004,2072,2092,2081,2093,1941,1965,897,2439,2421,2152,2169,2232
1823,1825,1845,1880,1880,2257,2512,2047,1948,1825,2214,1949,1943,1026,987,773,765,738,898,920,2277,2287,2047,1977,1986,2002,2030,1012,2935,3041,3046,1598,603,673,616,681,1186,1184,1907,1899,1844,0,1951,1997,1317,1302,1730,1792,1586,1587,1570,1616,1776,1751,697,726,785,744,775,732,729,950,941,3160,597,651,660,604,597,1123,1138,520,608,586,1397,1382,942,955,1558,1585,1570,1572,1129,1125,1777,1839,737,715,723,743,732,744,1068,1092,1621,1838,1863,1622,1639,1702
1008,1005,988,1331,1331,932,719,376,779,500,1129,2393,2387,2389,2350,1622,1785,1781,1476,1498,2721,2731,376,1411,1432,677,705,1888,3379,3485,3490,1170,1407,1481,1464,1489,2023,2015,2665,2657,3022,1922,0,NA,1586,1600,1876,1938,1792,1793,1776,1822,3314,3289,1875,1904,1963,1922,1953,1646,1683,1704,1695,3597,1638,1573,1582,1645,1638,2005,2020,1758,1846,1824,1791,1776,2296,2309,1839,1847,2748,2750,2003,1999,3315,3377,1491,1469,1477,1497,1486,1498,1214,1236,2679,933,958,717,734,797
1054,1051,1034,1377,1377,978,765,422,799,546,1175,2439,2433,2435,2396,1668,1831,1827,1522,1544,2767,2777,422,1457,1478,723,751,1934,3425,3531,3536,1216,1453,1527,1510,1535,2069,2061,2711,2703,3068,1968,NA,0,1632,1646,1922,1984,1838,1839,1822,1868,3360,3335,1921,1950,2009,1968,1999,1692,1729,1750,1741,3643,1684,1619,1628,1691,1684,2051,2066,1804,1892,1870,1837,1822,2342,2355,1885,1893,2794,2796,2049,2045,3361,3423,1537,1515,1523,1543,1532,1544,1260,1282,2725,979,1004,763,780,843
1044,1041,1024,1367,1367,1115,1521,1622,1758,1216,1245,2226,2220,1542,1750,967,1438,1434,914,865,2554,2564,1622,1351,1372,1667,1639,1238,3079,3185,3190,1206,854,850,891,858,713,722,2425,2417,2302,1552,1526,1572,0,NA,2056,2118,1732,1733,1716,1762,1754,1729,1648,1677,1736,1695,1726,903,927,1284,1275,3730,1328,1379,1388,1335,1328,1585,1600,1411,1499,1477,231,216,1576,1589,1673,1700,2028,2030,1763,1759,1755,1817,1071,1049,1165,1175,1174,1176,777,832,1862,464,446,664,705,657
1058,1055,1038,1381,1381,1129,1535,1636,1772,1230,1259,2211,2205,2080,2063,952,1423,1419,928,879,2539,2549,1636,1365,1386,1681,1653,1223,3093,3199,3204,1220,839,835,876,843,727,736,2439,2431,2316,1566,1540,1586,NA,0,2114,2176,1746,1747,1730,1776,1768,1743,1633,1662,1721,1680,1711,917,941,1298,1289,3715,1313,1364,1373,1320,1313,1599,1614,1396,1484,1462,245,230,1590,1603,1658,1685,2042,2044,1777,1773,1769,1831,1085,1063,1150,1160,1159,1161,791,846,1876,478,460,678,719,671
606,606,674,653,653,1667,2178,2092,1568,1870,1887,2683,2677,2499,2460,1309,1895,1891,1586,1608,3011,3021,2092,809,818,1477,1449,1512,3669,3775,3780,730,1267,1276,1304,1201,2133,2125,2775,2767,3132,1855,1756,1802,1889,1874,0,66,222,223,206,252,3420,3395,2105,2134,2193,2152,2183,1756,1793,1814,1805,4187,1748,1683,1692,1755,1748,1510,1474,1868,1956,1934,2141,2126,1926,1939,149,157,2858,2860,2113,2109,3421,3483,1820,1579,1648,1658,1657,1659,1236,1261,2789,1540,1556,1667,1460,1500
668,668,736,588,588,1729,2240,2154,1630,1932,1949,2745,2739,2561,2522,1371,1957,1953,1648,1670,3073,3083,2154,1140,1161,1539,1511,1419,3731,3837,3842,792,1329,1338,1366,1263,2195,2187,2837,2829,3194,1917,1818,1864,1951,1936,66,0,284,285,268,314,3355,3330,2167,2196,2255,2214,2245,1818,1855,1736,1648,4249,1810,1745,1754,1817,1810,1445,1409,1930,2018,1996,2203,2188,1988,2001,448,419,2920,2922,2175,2171,3356,3418,1882,1641,1710,1720,1719,1721,1298,1323,2851,1602,1618,1729,1522,1562
704,701,772,285,285,1883,1993,1528,1609,1486,1871,2539,2533,2355,2316,1165,1751,1747,1676,1742,2867,2877,1528,1116,1125,1693,1665,1120,3525,3631,3636,569,1123,1132,1160,1057,1802,1800,2631,2623,2988,1711,1252,1298,1792,1730,222,284,0,NA,60,106,2636,2611,1857,1886,1945,1904,1935,1612,1689,1437,1349,4043,1604,1539,1548,1611,1604,1146,1110,1724,1812,1790,1997,1982,1782,1795,233,260,2714,2716,1969,1965,2637,2699,1492,1470,1494,1504,1503,1505,1092,1117,2645,1330,1312,1523,1316,1356
705,702,773,286,286,1884,1994,1529,1610,1487,1872,2540,2534,2356,2317,1166,1752,1748,1677,1743,2868,2878,1529,1117,1126,1694,1666,1121,3526,3632,3637,570,1124,1133,1161,1058,1803,1801,2632,2624,2989,1712,1253,1299,1793,1731,223,285,NA,0,61,107,2637,2612,1858,1887,1946,1905,1936,1613,1690,1438,1350,4044,1605,1540,1549,1612,1605,1147,1111,1725,1813,1791,1998,1983,1783,1796,234,261,2715,2717,1970,1966,2638,2700,1493,1471,1495,1505,1504,1506,1093,1118,2646,1331,1313,1524,1317,1357
688,685,756,269,269,1867,1977,1512,1593,1470,1855,2523,2517,2339,2300,1149,1735,1731,1663,1729,2851,2861,1512,1057,1066,1677,1649,1107,3509,3615,3620,553,1107,1116,1144,1041,1789,1787,2615,2607,2972,1695,1236,1282,1776,1714,206,268,60,61,0,47,2623,2598,1844,1873,1932,1891,1922,1596,1633,1424,1336,4027,1588,1523,1532,1595,1588,1133,1097,1708,1796,1774,1981,1966,1766,1779,220,247,2698,2700,1953,1949,2624,2686,1479,1457,1481,1491,1490,1492,1076,1101,2629,1314,1296,1507,1300,1340
734,731,802,315,315,1913,2023,1558,1639,1516,1901,2569,2563,2385,2346,1195,1781,1777,1670,1736,2897,2907,1558,1081,1090,1723,1695,1114,3555,3661,3666,599,1153,1162,1190,1087,1796,1794,2661,2653,3018,1741,1282,1328,1822,1760,252,314,106,107,47,0,2630,2605,1851,1880,1939,1898,1929,1659,1683,1431,1343,4073,1634,1569,1578,1641,1634,1140,1104,1754,1842,1820,2027,2012,1812,1825,227,254,2744,2746,1999,1995,2631,2693,1486,1464,1488,1498,1497,1499,1122,1147,2675,1360,1342,1553,1346,1386
2511,2508,2491,2834,2834,2663,3455,2990,2951,2828,3093,2141,2135,2010,1993,1872,1373,1399,1284,1306,2469,2479,2990,3207,3216,3005,3487,1986,3127,3233,3238,2673,1669,1665,1706,1673,1748,1746,2833,2825,3190,2178,2714,2760,1874,1888,2644,2706,2696,2697,2683,2690,0,95,2823,2852,2911,2870,2901,1551,1575,2392,2452,4245,1663,1714,1723,1670,1663,2173,2188,1266,1354,1332,1719,1704,2464,2477,2548,2575,2916,2918,2651,2647,419,358,2121,2127,2160,2208,2169,2200,2355,2324,2547,2312,2294,2512,2553,2505
2486,2483,2466,2809,2809,2638,3430,2965,2926,2803,3068,2116,2110,1985,1968,1847,1348,1374,1259,1281,2444,2454,2965,3182,3191,2980,3462,1961,3102,3208,3213,2648,1644,1640,1681,1648,1723,1721,2808,2800,3165,2153,2689,2735,1849,1863,2619,2681,2671,2672,2658,2665,95,0,2798,2827,2886,2845,2876,1526,1550,2367,2427,4220,1638,1689,1698,1645,1638,2148,2163,1241,1329,1307,1694,1679,2439,2452,2523,2550,2891,2893,2626,2622,514,453,2096,2102,2135,2183,2144,2175,2330,2299,2522,2287,2269,2487,2528,2480
1914,1916,1936,1971,1971,2121,2376,1911,1812,1689,1875,1722,1716,1072,1033,742,1054,1050,1165,1187,2050,2060,1911,2068,2077,1866,1894,1019,2708,2814,2819,1689,770,766,807,774,1329,1327,2414,2406,2171,697,1815,1861,1455,1469,1985,2047,1841,1842,1825,1871,2163,2138,0,30,89,49,80,959,956,929,844,3586,824,875,884,831,824,1154,1169,1027,1115,1093,1300,1285,665,678,1649,1676,1897,1899,868,854,2164,2226,574,625,446,466,455,467,1133,1102,1888,1702,1727,1486,1503,1566
1942,1944,1964,1999,1999,2149,2404,1939,1840,1717,1903,1750,1744,1069,1030,770,1082,1078,1193,1215,2078,2088,1939,2096,2105,1894,1922,1047,2736,2842,2847,1717,798,794,835,802,1357,1355,2442,2434,2199,725,1843,1889,1483,1497,2013,2075,1869,1870,1853,1899,2191,2166,29,0,92,68,99,987,984,957,872,3614,852,903,912,859,852,1182,1197,1055,1143,1121,1328,1313,693,706,1677,1704,1925,1927,887,873,2192,2254,602,653,474,494,483,495,1161,1130,1916,1730,1755,1514,1531,1594
2002,2004,2024,2059,2059,2209,2464,1999,1900,1777,1963,1810,1804,1082,1043,830,1142,1138,1253,1275,2138,2148,1999,2156,2165,1954,1982,1107,2796,2902,2907,1777,858,854,895,862,1417,1415,2502,2494,2259,785,1903,1949,1543,1557,2073,2135,1929,1930,1913,1959,2251,2226,89,91,0,137,168,1047,1044,1017,932,3674,912,963,972,919,912,1242,1257,1115,1203,1181,1388,1373,753,766,1737,1764,1985,1987,956,942,2252,2314,662,713,534,554,543,555,1221,1190,1976,1790,1815,1574,1591,1654
1961,1963,1983,2018,2018,2168,2423,1958,1859,1736,1922,1769,1763,1120,1081,789,1101,1097,1212,1234,2097,2107,1958,2115,2124,1913,1941,1066,2755,2861,2866,1736,817,813,854,821,1376,1374,2461,2453,2218,744,1862,1908,1502,1516,2032,2094,1888,1889,1872,1918,2210,2185,49,69,137,0,32,1006,1003,976,891,3633,871,922,931,878,871,1201,1216,1074,1162,1140,1347,1332,712,725,1696,1723,1944,1946,856,842,2211,2273,621,672,493,513,502,514,1180,1149,1935,1749,1774,1533,1550,1613
1992,1994,2014,2049,2049,2199,2454,1989,1890,1767,1953,1800,1794,1151,1112,820,1132,1128,1243,1265,2128,2138,1989,2146,2155,1944,1972,1097,2786,2892,2897,1767,848,844,885,852,1407,1405,2492,2484,2249,775,1893,1939,1533,1547,2063,2125,1919,1920,1903,1949,2241,2216,80,100,168,32,0,1037,1034,1007,922,3664,902,953,962,909,902,1232,1247,1105,1193,1171,1378,1363,743,756,1727,1754,1975,1977,887,873,2242,2304,652,703,524,544,533,545,1211,1180,1966,1780,1805,1564,1581,1644
1524,1526,1546,1581,1581,1892,2147,1682,1583,1460,1646,1357,1351,1309,1270,781,569,565,456,522,1685,1695,1682,1678,1687,1637,1665,835,3041,3147,3152,1299,573,662,629,670,537,535,1509,1501,1746,381,1586,1632,903,917,1576,1638,1432,1433,1416,1462,1491,1466,899,928,987,946,977,0,45,1141,1132,3151,190,241,250,197,190,1022,1037,732,773,665,748,733,1133,1146,1457,1484,1472,1474,1320,1316,1492,1554,928,906,914,934,923,935,856,880,1523,1473,1498,1257,1274,1337
1507,1509,1529,1564,1564,1929,2184,1719,1620,1497,1683,1354,1348,1292,1253,805,566,562,480,546,1682,1692,1719,1661,1670,1674,1702,859,3078,3184,3189,1282,610,699,666,707,561,559,1506,1498,1743,364,1623,1669,927,941,1613,1675,1469,1470,1453,1499,1515,1490,896,925,984,943,974,45,0,1165,1156,3188,187,238,247,194,187,1046,1061,729,770,662,772,757,1157,1170,1481,1508,1469,1471,1344,1340,1516,1578,952,930,938,958,947,959,853,877,1520,1510,1535,1294,1311,1374
1744,1746,1766,1801,1801,2071,2326,1861,1762,1639,2028,2152,2146,2129,2090,572,1364,1360,1093,1159,2480,2490,1861,1827,1836,1816,1844,414,3138,3244,3249,1519,540,536,577,544,1159,1157,2244,2236,2301,822,1765,1811,1058,1043,1444,1555,1256,1257,1243,1250,2162,2137,989,1018,1077,1036,1067,1082,1106,0,98,2817,1047,1006,1015,1054,1047,573,537,977,1065,1043,1485,1543,663,646,1108,1135,2027,2029,442,438,2163,2225,356,305,276,499,285,461,963,932,1861,1423,1405,1436,1453,1516
1735,1737,1757,1792,1792,2062,2317,1852,1753,1630,2019,2143,2137,2120,2081,563,1355,1351,1084,1175,2471,2481,1852,1854,1863,1807,1835,447,3129,3235,3240,1510,531,527,568,535,1150,1148,2235,2227,2292,813,1756,1802,1049,1034,1471,1582,1283,1284,1270,1277,2691,2666,1085,1114,1173,1132,1163,1073,1097,98,0,2733,1038,997,1006,1045,1038,489,453,968,1056,1034,1476,1534,654,637,1135,1162,2018,2020,433,429,2692,2754,452,401,267,287,276,288,954,923,1852,1414,1396,1427,1444,1507
3516,3518,3538,3573,3573,4083,4338,3873,3774,3651,4040,3504,3498,3680,3641,2461,3376,3372,3067,3089,3832,3842,3873,3670,3679,3828,3856,2660,5690,5796,5801,3291,2577,2555,2614,2480,3254,3246,5336,5328,4013,3165,3777,3823,3370,3355,3467,3529,3323,3324,3307,3153,4365,4114,3226,3255,3314,3273,3304,3211,2978,2757,2670,0,2846,2897,2906,2853,2846,2411,2429,3349,3437,3415,3363,3067,3287,3300,3011,3038,3739,3741,3474,3470,4366,4428,2919,2970,2822,2832,2831,2833,3016,2985,3910,3664,3689,3448,3465,3528
1583,1585,1605,1640,1640,1883,2138,1673,1574,1451,1637,984,978,1128,1089,780,436,432,648,714,1312,1322,1673,1857,1866,1628,1656,1003,2892,2793,2788,1358,439,435,623,443,974,966,1376,1368,1493,200,1577,1623,1210,1195,1567,1629,1423,1424,1407,1453,1719,1694,766,795,854,813,844,192,189,1002,993,3293,0,89,98,NA,NA,1063,1078,409,723,615,682,667,1100,1113,1530,1538,1219,1221,1287,1283,1720,1782,789,767,930,940,939,941,704,728,1390,1464,1489,1248,1265,1328
1612,1614,1634,1669,1669,1819,2074,1609,1510,1387,1573,1273,1267,1157,1118,734,485,481,697,763,1601,1611,1609,1886,1895,1564,1592,895,3132,3238,3243,1387,558,464,591,472,1023,1015,1425,1417,1662,229,1513,1559,1259,1244,1503,1565,1359,1360,1343,1389,1792,1767,815,844,903,862,893,241,238,1031,1022,3229,90,0,NA,97,90,1082,1097,458,546,688,731,716,1057,1070,1466,1474,1388,1390,1244,1240,1793,1855,818,796,959,969,968,970,733,757,1439,1400,1425,1184,1201,1264
1834,1836,1530,1891,1891,1828,2083,1618,1519,1396,1582,1282,1276,1166,1127,743,494,490,706,772,1610,1620,1618,1988,1997,1573,1601,904,3141,3247,3252,1609,567,641,600,649,1032,1024,1434,1426,1671,238,1522,1568,1268,1253,1512,1574,1368,1369,1352,1398,1801,1776,824,853,912,871,902,250,247,1074,1065,3238,99,NA,0,106,99,1091,1106,467,555,697,740,725,1066,1079,1475,1483,1397,1399,1253,1249,1802,1864,861,839,847,867,856,868,742,766,1448,1409,1434,1193,1210,1273
1590,1592,1612,1647,1647,1890,2145,1680,1581,1458,1644,991,985,1135,1096,787,443,439,655,721,1319,1329,1680,1864,1873,1635,1663,1010,2899,2800,2795,1365,446,442,630,450,981,973,1383,1375,1500,207,1584,1630,1217,1202,1574,1636,1430,1431,1414,1460,1712,1687,773,802,861,820,851,199,196,1009,1000,3300,NA,96,105,0,NA,1070,1085,416,716,608,689,674,1107,1120,1537,1545,1226,1228,1294,1290,1713,1775,796,774,937,947,946,948,711,735,1397,1471,1496,1255,1272,1335
1583,1585,1605,1640,1640,1883,2138,1673,1574,1451,1637,984,978,1128,1089,780,436,432,648,714,1312,1322,1673,1857,1866,1628,1656,1003,2892,2793,2788,1358,439,435,623,443,974,966,1376,1368,1493,200,1577,1623,1210,1195,1567,1629,1423,1424,1407,1453,1719,1694,766,795,854,813,844,192,189,1002,993,3293,NA,89,98,NA,0,1063,1078,409,723,615,682,667,1100,1113,1530,1538,1219,1221,1287,1283,1720,1782,789,767,930,940,939,941,704,728,1390,1464,1489,1248,1265,1328
1880,1877,1860,1561,1561,2251,2506,2041,1942,1819,2208,2032,2026,1908,1869,436,1244,1240,935,957,2360,2370,2041,1658,1667,1996,2024,728,3018,3124,3129,1279,600,596,637,604,1599,1597,2724,2716,2481,1188,1945,1991,1238,1223,1274,1385,1086,1087,1073,1080,2473,2448,1094,1123,1182,1141,1172,1082,1106,573,486,2471,1272,1142,1151,1279,1272,0,37,1217,1305,1283,1610,1595,1103,1086,938,965,2207,2209,882,878,2474,2536,512,518,594,604,603,605,1120,1141,2198,1603,1585,1616,1633,1696
1916,1913,1896,1360,1360,2266,2521,2056,1957,1834,2223,2047,2041,1923,1884,451,1259,1255,950,972,2375,2385,2056,1673,1682,2011,2039,691,3033,3139,3144,1294,615,611,652,619,1562,1560,2739,2731,2496,1203,1960,2006,1253,1238,1237,1348,1049,1050,1036,1043,2488,2463,1109,1138,1197,1156,1187,1097,1121,536,449,2489,1287,1157,1166,1294,1287,37,0,1232,1320,1298,1625,1610,1066,1049,901,928,2222,2224,845,841,2489,2551,527,533,609,619,618,620,1135,1156,2213,1618,1600,1631,1648,1711
1977,1979,1999,2034,2034,2304,2559,2094,1995,1872,2261,765,759,994,977,856,247,218,928,950,1093,1103,2094,2431,2440,2049,2077,1217,2673,2574,2569,1752,653,649,690,657,1092,1090,1517,1509,1574,922,1998,2044,1291,1276,1988,2050,1680,1681,1667,1674,1266,1241,1267,1296,1355,1314,1345,542,539,1216,1207,3589,407,458,467,414,407,1517,1532,0,88,66,1183,1168,1508,1521,1532,1559,1300,1302,1515,1511,1267,1329,1003,981,1144,1154,1153,1155,1173,1220,1411,1656,1638,1669,1686,1849
2065,2067,2087,2122,2122,2392,2647,2182,2083,1960,2349,853,847,1082,1065,944,178,149,1016,1038,1181,1191,2182,2519,2528,2137,2165,1305,2761,2662,2657,1840,741,737,778,745,1180,1178,1728,1720,1965,1010,2086,2132,1379,1364,2076,2138,1768,1769,1755,1762,1354,1329,1355,1384,1443,1402,1433,773,770,1304,1295,3677,495,546,555,502,495,1605,1620,88,0,105,1271,1256,1596,1609,1620,1647,1691,1693,1603,1599,1355,1417,1091,1069,1232,1242,1241,1243,1261,1308,1682,1744,1726,1757,1774,1937
2044,2046,2066,2101,2101,2371,2626,2161,2062,1939,2328,832,826,1061,1044,923,259,232,995,1017,1160,1170,2161,2498,2507,2116,2144,1284,2740,2641,2636,1819,720,716,757,724,1159,1157,1622,1614,1859,989,2065,2111,1358,1343,2055,2117,1747,1748,1734,1741,1333,1308,1334,1363,1422,1381,1412,665,662,1283,1274,3656,616,525,534,609,616,1584,1599,67,106,0,1250,1235,1575,1588,1599,1626,1585,1587,1582,1578,1334,1396,1070,1048,1211,1221,1220,1222,1240,1287,1636,1723,1705,1736,1753,1916
1249,1246,1229,1572,1572,1320,1726,1707,1363,1421,1191,1739,1733,1855,1816,1069,1210,1206,759,710,2067,2077,1707,2344,2353,1272,1244,1243,2986,3092,3097,1411,866,862,903,870,561,570,2191,2183,2248,1397,1611,1657,231,245,1901,1963,1757,1758,1741,1787,1599,1574,1660,1689,1748,1707,1738,748,772,1129,1120,3682,938,989,998,945,938,1430,1445,1183,1271,1249,0,59,1421,1434,1925,1872,1974,1976,1608,1604,1600,1662,916,894,902,922,911,923,875,957,2145,669,651,869,910,862
1234,1231,1214,1557,1557,1305,1711,1692,1348,1406,1176,1983,1977,1372,1580,1054,1195,1191,744,695,2311,2321,1692,2329,2338,1257,1229,1228,3044,3150,3155,1396,851,847,888,855,619,628,2255,2247,2132,1382,1596,1642,216,230,1886,1948,1742,1743,1726,1772,1584,1559,1645,1674,1733,1692,1723,733,757,1114,1105,3667,923,974,983,930,923,1415,1430,1168,1256,1234,59,0,1406,1419,1910,1857,1858,1860,1593,1589,1585,1647,901,879,887,907,896,908,860,942,1692,654,636,854,895,847
2035,2037,2057,2092,2092,2062,2317,1852,1753,1630,2019,2263,2257,1820,1781,794,1393,1366,1144,1210,2591,2601,1852,2189,2198,1807,1835,1051,3249,3355,3360,1810,591,587,628,595,1450,1448,2055,2047,2412,873,1756,1802,1576,1590,1746,1808,1602,1603,1586,1632,2284,2259,905,934,993,952,983,1133,1157,809,800,3467,1098,1057,1066,1105,1098,1275,1290,1148,1236,1214,1421,1406,0,17,1709,1717,2138,2140,374,382,2285,2347,584,635,411,476,402,477,1216,1240,2009,2014,1996,1427,1444,1507
2048,2050,2070,2105,2105,2075,2330,1865,1766,1643,2032,2276,2270,1833,1794,807,1406,1379,1157,1223,2604,2614,1865,2202,2211,1820,1848,947,3262,3368,3373,1823,604,600,641,608,1463,1461,2068,2060,2425,886,1769,1815,1589,1603,1759,1821,1615,1616,1599,1645,2297,2272,918,947,1006,965,996,1146,1170,705,696,3480,1111,1070,1079,1118,1111,1288,1303,1161,1249,1227,1434,1419,17,0,1722,1730,2151,2153,375,383,2298,2360,597,648,424,489,415,490,1229,1253,2022,2027,2009,1440,1457,1520
689,689,757,474,474,1750,2261,1717,1651,1773,2162,2586,2580,2402,2363,1212,1859,1855,1528,1594,2914,2924,1717,1026,1285,1560,1532,972,3572,3678,3683,633,1035,1031,1072,1039,1654,1652,2678,2670,3035,1623,1441,1487,1853,1838,89,448,233,234,220,227,2488,2463,1709,1738,1797,1756,1787,1517,1541,1289,1201,4090,1651,1586,1595,1658,1651,998,962,1832,1920,1898,2105,2090,1890,1903,0,28,2761,2763,2077,2073,2489,2551,1344,1322,1346,1356,1355,1357,1139,1164,2692,1519,1501,1570,1363,1403
697,697,765,502,502,1758,2269,1745,1659,1781,2170,2594,2588,2410,2371,1220,1887,1883,1556,1622,2922,2932,1745,1054,1313,1568,1540,1000,3580,3686,3691,641,1063,1059,1100,1112,1682,1680,2686,2678,3043,1651,1469,1515,1881,1866,97,419,261,262,248,255,2516,2491,1737,1766,1825,1784,1815,1545,1569,1317,1229,4098,1659,1594,1603,1666,1659,1026,990,1860,1948,1926,2133,2118,1918,1931,29,0,2769,2771,2105,2101,2517,2579,1372,1350,1374,1384,1383,1385,1147,1172,2700,1547,1529,1578,1371,1411
2866,2863,2846,2621,2621,2634,2889,2424,2325,2202,2591,1515,1509,1091,1052,1639,1147,1143,1688,1754,1843,1853,2424,3301,3310,2379,2407,1960,2501,2607,2612,2922,1538,1539,1482,1547,1805,1797,1307,1299,271,1612,2328,2374,1728,1742,2618,2680,2474,2475,2458,2504,2856,2831,1897,1926,1985,1944,1975,1232,1229,2086,2077,3619,1097,1148,1157,1104,1097,1922,1865,1412,1451,1345,1573,1558,1838,1851,2581,2589,0,70,2025,2021,2857,2919,1873,1851,1919,1939,1928,1940,1788,1812,744,2286,2268,1999,2016,2079
2867,2864,2847,2622,2622,2635,2890,2425,2326,2203,2592,1516,1510,1092,1053,1640,1148,1144,1689,1755,1844,1854,2425,3302,3311,2380,2408,1961,2502,2608,2613,2923,1539,1540,1483,1548,1806,1798,1308,1300,260,1613,2329,2375,1729,1743,2619,2681,2475,2476,2459,2505,2857,2832,1898,1927,1986,1945,1976,1233,1230,2087,2078,3620,1098,1149,1158,1105,1098,1923,1866,1413,1452,1346,1574,1559,1839,1852,2582,2590,69,0,2026,2022,2858,2920,1874,1852,1920,1940,1929,1941,1789,1813,745,2287,2269,2000,2017,2080
2042,2044,2064,2099,2099,2129,2384,1919,1820,1697,2086,2330,2324,1887,1848,870,1460,1433,1211,1277,2658,2668,1919,2256,2265,1874,1902,683,3316,3422,3427,1817,658,654,695,662,1517,1515,2122,2114,2479,940,1823,1869,1643,1657,1813,1875,1669,1670,1653,1699,2351,2326,688,708,776,676,707,1200,1224,441,432,3534,1165,1124,1133,1172,1165,882,846,1215,1303,1281,1488,1473,374,375,1776,1784,2205,2207,0,14,2352,2414,528,506,574,594,583,595,1261,1230,2076,2081,2063,1494,1511,1574
2038,2040,2060,2095,2095,2125,2380,1915,1816,1693,2082,2326,2320,1883,1844,866,1456,1429,1207,1273,2654,2664,1915,2252,2261,1870,1898,679,3312,3418,3423,1813,654,650,691,658,1513,1511,2118,2110,2475,936,1819,1865,1639,1653,1809,1871,1665,1666,1649,1695,2347,2322,674,694,762,662,693,1196,1220,437,428,3530,1161,1120,1129,1168,1161,878,842,1211,1299,1277,1484,1469,382,383,1772,1780,2201,2203,14,0,2348,2410,524,502,570,590,579,591,1257,1226,2072,2077,2059,1490,1507,1570
2572,2569,2552,2895,2895,2724,3516,3051,3012,2889,3154,2202,2196,2071,2054,1933,1434,1460,1345,1367,2530,2540,3051,3268,3277,3066,3548,2047,3188,3294,3299,2734,1730,1726,1767,1734,1809,1807,2894,2886,3251,2239,2775,2821,1935,1949,2705,2767,2757,2758,2744,2751,419,158,2884,2913,2972,2931,2962,1612,1636,2453,2513,4306,1724,1775,1784,1731,1724,2234,2249,1327,1415,1393,1780,1765,2525,2538,2609,2636,2977,2979,2712,2708,0,64,2182,2188,2221,2269,2230,2261,2416,2385,2608,2373,2355,2573,2614,2566
2715,2712,2695,3038,3038,2786,3192,3173,2829,2887,2657,2264,2258,2560,2521,2055,1556,1582,1707,1729,2592,2602,3173,3150,3159,2738,2710,2269,3250,3356,3361,2877,1852,1848,1889,1856,1757,1766,2956,2948,3313,2213,3077,3123,1697,1711,3067,3178,2879,2880,2866,2873,358,453,2646,2675,2734,2693,2724,1734,1758,2586,2611,5268,1846,1897,1906,1853,1846,2596,2611,1449,1537,1515,1542,1527,2587,2600,2731,2758,3039,3041,2774,2770,64,0,2544,2550,2343,2353,2352,2354,2341,2507,2850,2135,2117,2335,2376,2328
1549,1551,1571,1606,1606,1917,2172,1707,1608,1485,1874,1996,1990,2093,2054,512,1208,1204,943,965,2324,2334,1707,1742,1751,1662,1690,446,2982,3088,3093,1324,386,382,423,390,1005,1003,2090,2082,2147,668,1611,1657,1082,1067,1700,1762,1341,1342,1328,1335,2481,2456,634,663,722,681,712,928,952,356,451,2919,893,852,861,900,893,572,587,1181,1269,1247,1331,1389,783,796,1193,1220,1873,1875,588,584,2482,2544,0,52,174,144,183,106,709,733,1707,1447,1429,1282,1299,1362
1555,1557,1577,1612,1612,1895,2150,1685,1586,1463,1852,2047,2041,1953,1914,563,1259,1255,917,971,2375,2385,1685,1769,1778,1640,1668,395,3033,3139,3144,1330,364,360,401,368,983,981,2068,2060,2125,646,1589,1635,882,867,1506,1589,1290,1291,1277,1284,2487,2462,685,714,773,732,763,906,930,305,400,2970,871,830,839,878,871,578,593,801,889,867,1309,1367,787,770,1142,1169,1851,1853,566,562,2488,2550,52,0,225,195,234,157,787,756,1685,1247,1229,1260,1277,1340
1491,1493,1513,1548,1548,1963,2218,1753,1654,1531,1717,1899,1893,1996,1957,420,1111,1107,785,807,2227,2237,1753,1645,1654,1708,1736,619,3150,3256,3261,1266,312,308,349,316,931,929,2316,2308,2373,594,1657,1703,830,815,1527,1589,1374,1375,1361,1368,2323,2298,506,535,594,553,584,854,734,275,266,2822,931,778,787,938,931,719,680,1084,1172,1150,902,887,610,623,1226,1253,2099,2101,574,570,2324,2386,174,225,0,66,NA,67,612,704,1933,1195,1177,1328,1345,1408
1501,1503,1523,1558,1558,1983,2238,1773,1674,1551,1737,1909,1903,2006,1967,430,1121,1117,795,817,2237,2247,1773,1655,1664,1728,1756,589,3170,3276,3281,1276,332,328,369,336,951,949,2336,2328,2393,614,1677,1723,850,835,1547,1609,1384,1385,1371,1378,2333,2308,526,555,614,573,604,874,744,499,286,2832,941,798,807,948,941,659,674,1094,1182,1160,922,907,675,688,1236,1263,2119,2121,594,590,2334,2396,144,195,66,0,75,53,622,646,1953,1215,1197,1348,1365,1428
1500,1502,1522,1557,1557,1972,2227,1762,1663,1540,1726,1908,1902,2005,1966,429,1120,1116,794,816,2236,2246,1762,1654,1663,1717,1745,628,3159,3265,3270,1275,321,317,358,325,940,938,2325,2317,2382,603,1666,1712,839,824,1536,1598,1383,1384,1370,1377,2332,2307,515,544,603,562,593,863,743,284,275,2831,940,787,796,947,940,728,689,1093,1181,1159,911,896,601,614,1235,1262,2108,2110,583,579,2333,2395,183,234,NA,75,0,76,621,713,1942,1204,1186,1337,1354,1417
1503,1505,1525,1560,1560,1985,2240,1775,1676,1553,1739,1911,1905,2008,1969,432,1123,1119,797,819,2239,2249,1775,1657,1666,1730,1758,551,3172,3278,3283,1278,334,330,371,338,953,951,2338,2330,2395,616,1679,1725,852,837,1549,1611,1386,1387,1373,1380,2335,2310,528,557,616,575,606,876,746,461,288,2834,943,800,809,950,943,651,666,1096,1184,1162,924,909,677,690,1238,1265,2121,2123,596,592,2336,2398,106,157,68,52,77,0,624,648,1955,1217,1199,1350,1367,1430
1496,1498,1518,1553,1553,1520,1775,1310,1211,1088,1477,2048,2042,1950,1911,594,1260,1256,816,838,2376,2386,1310,1599,1608,1265,1293,618,3034,3140,3145,1271,481,477,518,485,1580,1578,2665,2657,3022,1022,1214,1260,777,791,1229,1291,1085,1086,1069,1115,2414,2389,1193,1222,1281,1240,1271,705,688,962,953,3016,885,913,922,892,885,805,820,1233,1321,1299,1032,1017,1074,1087,1192,1200,2748,2750,1261,1257,2415,2477,749,727,735,755,744,756,0,48,2139,1101,1126,885,902,965
1521,1523,1543,1578,1578,1542,1797,1332,1233,1110,1499,2095,2089,1974,1935,796,1307,1303,840,862,2423,2433,1332,1623,1632,1287,1315,768,3081,3187,3192,1296,505,501,542,509,1604,1602,2689,2681,3046,1046,1236,1282,824,838,1254,1316,1110,1111,1094,1140,2438,2413,1162,1191,1250,1209,1240,729,712,931,922,2985,909,937,946,916,909,955,970,1280,1368,1346,1067,1052,1043,1056,1217,1225,2772,2774,1230,1226,2439,2501,718,696,704,724,713,725,48,0,2163,1123,1148,907,924,987
2959,2961,2981,3098,3098,2768,3023,2558,2459,2336,2522,1229,1223,793,776,1713,1161,1157,1822,1888,1557,1567,2558,3195,3204,2513,2541,1974,4097,4118,4113,2816,1543,1613,1556,1621,1879,1871,1021,1013,958,1746,2462,2508,1862,1876,2632,2694,2488,2489,2472,2518,2570,2545,1911,1940,1999,1958,1989,1366,1363,2100,2091,3911,1231,1282,1291,1238,1231,2161,2176,1486,1525,1419,1988,1692,1972,1985,2595,2603,684,686,2159,2155,2571,2633,1887,1865,1933,1953,1942,1954,2020,1989,0,2300,2282,2133,2150,2213
642,639,622,965,965,642,1048,969,870,747,800,2111,2105,1980,1963,1449,1923,1919,1414,1363,2439,2449,969,949,970,924,869,1465,3097,3203,3208,804,1234,1308,1291,1316,1395,1404,2803,2795,2560,1843,873,919,524,538,1523,1585,1330,1331,1314,1360,2552,2527,2002,2031,2090,2049,2080,1473,1510,2082,2073,3424,1465,1400,1409,1472,1465,1652,1667,1896,1984,1962,729,714,2063,2076,1519,1494,2286,2288,1830,1826,2553,2615,1869,1847,1424,1652,1433,1653,1041,1063,2517,0,42,217,267,210
624,621,604,947,947,667,1073,994,895,772,825,2093,2087,1962,1945,1474,1905,1901,1396,1345,2421,2431,994,931,952,949,894,1490,3079,3185,3190,786,1259,1333,1316,1341,1377,1386,2785,2777,2542,1868,898,944,506,520,1548,1610,1312,1313,1296,1342,2534,2509,2027,2056,2115,2074,2105,1498,1535,2064,2055,3449,1490,1425,1434,1497,1490,1677,1692,1878,1966,1944,711,696,2416,2429,1501,1528,2268,2270,2603,2599,2535,2597,1851,1829,1449,1677,1458,1678,1066,1088,2499,42,0,242,283,235
842,839,822,1165,1165,426,832,753,654,531,609,2004,1998,1880,1841,1233,1216,1212,1614,1563,2332,2342,753,1149,1170,708,736,1249,2990,3096,3101,1004,1018,1092,1075,1100,1595,1604,2276,2268,2633,1627,657,703,724,738,1307,1369,1163,1164,1147,1193,2452,2427,1786,1815,1874,1833,1864,1257,1294,1315,1306,3208,1249,1184,1193,1256,1249,1436,1451,1189,1277,1474,929,914,1847,1860,1270,1278,2359,2361,1614,1610,2453,2515,1523,1080,1208,1436,1217,1437,825,847,2170,217,242,0,103,81
883,880,863,1206,1206,443,849,770,671,548,641,2021,2015,1897,1858,1250,1233,1229,1577,1604,2349,2359,770,1190,1211,725,753,1266,3007,3113,3118,1045,1035,1109,1092,1117,1636,1645,2293,2285,2650,1644,674,720,765,779,1324,1386,1180,1181,1164,1210,2493,2468,1803,1832,1891,1850,1881,1274,1311,1332,1323,3225,1266,1201,1210,1273,1266,1453,1468,1206,1294,1491,970,955,1864,1877,1287,1295,2376,2378,1631,1627,2494,2556,1540,1097,1225,1453,1234,1454,842,864,2187,267,283,103,0,183
836,833,816,1159,1159,507,913,834,735,612,665,2085,2079,1961,1922,1314,1297,1293,1608,1557,2413,2423,834,1143,1164,789,817,1330,3071,3177,3182,998,1099,1173,1156,1181,1589,1598,2357,2349,2714,1708,738,784,718,732,1388,1450,1244,1245,1228,1274,2446,2421,1867,1896,1955,1914,1945,1338,1375,1396,1387,3289,1330,1265,1274,1337,1330,1517,1532,1270,1358,1555,923,908,1928,1941,1351,1359,2440,2442,1695,1691,2447,2509,1604,1161,1289,1517,1298,1518,906,928,2251,211,236,82,184,0
