"L2P0.001","L3P0.001","L4P0.001","L5P0.001","L6P0.001","L7P0.001","L8P0.001","L2P0.002","L3P0.002","L4P0.002","L5P0.002","L6P0.002","L7P0.002","L8P0.002","L2P0.003","L3P0.003","L4P0.003","L5P0.003","L6P0.003","L7P0.003","L8P0.003","L2P0.004","L3P0.004","L4P0.004","L5P0.004","L6P0.004","L7P0.004","L8P0.004","L2P0.005","L3P0.005","L4P0.005","L5P0.005","L6P0.005","L7P0.005","L8P0.005","L2P0.006","L3P0.006","L4P0.006","L5P0.006","L6P0.006","L7P0.006","L8P0.006","L2P0.007","L3P0.007","L4P0.007","L5P0.007","L6P0.007","L7P0.007","L8P0.007","L2P0.008","L3P0.008","L4P0.008","L5P0.008","L6P0.008","L7P0.008","L8P0.008","L2P0.009","L3P0.009","L4P0.009","L5P0.009","L6P0.009","L7P0.009","L8P0.009"
0.446743022188693,0.353359955694079,0.405361501771137,0.46292209883138,0.473513466008833,0.514050898429621,0.528356506973171,0.446743022188693,0.353128608871284,0.405116705028003,0.462609503019979,0.473353530855767,0.513817044247404,0.528426407615836,0.446743022188693,0.35289745853496,0.404824136615238,0.462305855496426,0.473201070554816,0.513640994348037,0.528497597648956,0.446743022188693,0.352664774781992,0.404530014125137,0.462002910336816,0.473051957933145,0.513479667275276,0.528571230332833,0.446743022188693,0.352432203515453,0.404232140738695,0.461699993032502,0.472907559470359,0.513317888835916,0.528645677853362,0.446743022188693,0.352199753132209,0.403938384820652,0.461397356658555,0.47276479791619,0.513167710937894,0.528720768878375,0.446743022188693,0.351967423720341,0.40364097121941,0.46107511470077,0.472622515181752,0.513024613510286,0.528798318770657,0.446743022188693,0.35173478264527,0.403345884616546,0.460746895949195,0.472481245869159,0.51287771751064,0.528876835919508,0.446743022188693,0.351501560467057,0.40304759349985,0.460418734414065,0.472340353517179,0.512717455214242,0.528955660405538
0.431288903583644,0.523145657009896,0.553146671588159,0.516984390139541,0.535300480322263,0.497720095366183,0.514865061730691,0.431288903583644,0.522977488364924,0.552860199569859,0.516798196580664,0.53506001056893,0.497538870087728,0.514983823332484,0.431288903583644,0.522809305459366,0.552578849189452,0.516612742416895,0.534820649417544,0.497357884069378,0.515104410494269,0.431288903583644,0.522641108240394,0.552297244009032,0.516425288423586,0.534581313086999,0.497177331904721,0.515227019099224,0.431288903583644,0.522472896655086,0.551993841118566,0.516237768593889,0.534342001680867,0.49699700907735,0.515357941673029,0.431288903583644,0.522304670650431,0.551657879794748,0.516050239967443,0.534102715302937,0.496816622360549,0.515494033444386,0.431288903583644,0.522136430173323,0.551319135680104,0.515862771970155,0.533863649481915,0.496639615817884,0.515631587318337,0.431288903583644,0.521968172821107,0.550978266820936,0.515675369077429,0.533627007708127,0.49646303055823,0.515770202325816,0.431288903583644,0.521804344684357,0.550634129850348,0.515488031378572,0.533389292533427,0.496286508534466,0.515908845683138
0.291196381902289,0.401553517270834,0.408889629687717,0.519956397547552,0.487474560443127,0.476408024188422,0.500445354935793,0.29107764725833,0.401411435724483,0.408703174394836,0.519714175781253,0.487270140799682,0.476365260437381,0.500535407788611,0.290958740690878,0.401269332571362,0.408516539763419,0.51947527007468,0.487068022128913,0.476323140233138,0.500613527521452,0.290839919637921,0.401127447482407,0.408329968785272,0.519238991166506,0.486867303107302,0.47628734103453,0.500680968162172,0.290721058053573,0.400986584580479,0.408143461469168,0.519003235907013,0.486667184788751,0.476254503214755,0.500748968707992,0.290602155922327,0.400845701000791,0.407957017823913,0.51876752276629,0.486467222372967,0.476220781262739,0.500817510034949,0.290483213228644,0.400704796752587,0.407770637858348,0.518538670862522,0.48626979463004,0.476187109292976,0.500887917542733,0.290364229956957,0.400563775694529,0.407584321581348,0.518313590968585,0.486074825688722,0.476153046664461,0.500959828216042,0.290245206091662,0.400422673109765,0.407398069001821,0.51808844940048,0.485880760988185,0.476122790440199,0.501034522447911
0.545384726969832,0.415470641117885,0.485107756914049,0.499401834201404,0.497171896952194,0.49079524441101,0.521095799932808,0.545185699547735,0.41532756374613,0.484923625706289,0.499140157897553,0.496933060860026,0.490638563128945,0.521112997299946,0.544986659759758,0.415184498322781,0.484745500143563,0.498879885819843,0.496679290053589,0.490480065508174,0.521148244893529,0.544787607620055,0.415041444852843,0.484567389820632,0.498620850488357,0.496430278885448,0.490321587617576,0.52118549757203,0.544588543142794,0.414898403341311,0.484389294720149,0.498354060120938,0.496184652718931,0.490162691787124,0.521221980290006,0.544389533457118,0.414755373793165,0.484211214824679,0.498087873069931,0.495939310010526,0.489997764500937,0.521262040361802,0.544190444096414,0.414612356213374,0.484033150116694,0.497829690532963,0.495698600232096,0.489831257863761,0.521322745182781,0.543991342441946,0.414469350606896,0.483855100578577,0.497556162384161,0.495460233061425,0.48966569862881,0.521384562188184,0.54379222850791,0.414326356978675,0.483677066192619,0.497248325849395,0.495214871385055,0.489515028150501,0.521448557321056
0.332487724934231,0.468396469024299,0.450330900159071,0.544744112075113,0.512880778507867,0.493511770880809,0.501224830363524,0.332317047310556,0.468152624006783,0.450094741392168,0.544419214754479,0.512693446047348,0.493425818756318,0.501303256535641,0.332146395595577,0.4679087718095,0.449858682568503,0.544095798734231,0.512507616026234,0.493342275766226,0.501383727778041,0.331975769809591,0.467664912417838,0.449622723663939,0.54377238411282,0.512339764121445,0.493258753362599,0.501456300430243,0.331805169972912,0.467421045817119,0.449386864654294,0.54344880459501,0.51217199348955,0.493175306215909,0.501520864227577,0.331634596105869,0.467177171992596,0.449150415008893,0.543124848309048,0.512004221106824,0.493093306979991,0.501587432742234,0.331464048228809,0.46693329092945,0.448913957235973,0.54280096362947,0.511836671327485,0.493014065511001,0.501676885121045,0.331293526362096,0.466689402612799,0.448677601414233,0.54247702330058,0.511670291392505,0.492935874492924,0.501771669051272,0.331123030526109,0.466445316308168,0.44844051280143,0.542153027263499,0.511503910163437,0.492858681245762,0.501868009956982
0.289887915393451,0.473223563188234,0.455024306729768,0.460736452641034,0.468129735622041,0.495489051251271,0.539541942341235,0.289887915393451,0.472914004287505,0.454838770824791,0.460539172151112,0.467899902761685,0.495365721790345,0.539601202901695,0.289887915393451,0.472604164937737,0.454653310745071,0.46034986476325,0.46767122094276,0.495250288855715,0.539661588465384,0.289887915393451,0.472294436055351,0.454467926471012,0.460161673974693,0.467443144321765,0.495136003333203,0.539723638106408,0.289887915393451,0.471984817763102,0.454282617982988,0.459975116763971,0.46721601765294,0.495016905974593,0.539788121189965,0.289887915393451,0.471675310183854,0.454097440411517,0.459795606733819,0.466986344889908,0.494901514748158,0.539858867008322,0.289887915393451,0.471365550836568,0.453912894853761,0.459619388195551,0.466756688025661,0.494799129608156,0.53992973521716,0.289887915393451,0.471054852484793,0.453728426541106,0.459441985164363,0.466527525881413,0.494694769992435,0.540001569881163,0.289887915393451,0.47074427003132,0.453543656421107,0.459262964595972,0.466297844029441,0.494593480537668,0.540083202388981
0.279072822748464,0.446764720517696,0.450126677338567,0.448777236728952,0.490942854344535,0.479649018632962,0.516376013259991,0.278334490606502,0.446748145658487,0.449880516280817,0.448448035324166,0.49071038505403,0.479524083841729,0.516292709211554,0.277596271024656,0.446731567594908,0.449633911510697,0.448119442442955,0.490478089776151,0.47938700153132,0.516212782567148,0.276858163839967,0.446714986333494,0.449387332988115,0.447794947282329,0.490245811708114,0.47923819945383,0.51618580186335,0.27612016888976,0.446698401880793,0.449140734195095,0.447473322219956,0.490011526141345,0.479097538299438,0.516195722855238,0.275382286011642,0.446681814243362,0.44889403286275,0.447151730206313,0.48977691901924,0.478980804653699,0.516213085160359,0.274644515043506,0.446665223427768,0.448647274254873,0.446830193739713,0.489542329768121,0.478868879626681,0.516238919249733,0.273906855823531,0.446648629440588,0.44840035250328,0.446510731353233,0.489311649433857,0.478757311476675,0.516267721927789,0.273169308190182,0.446633249367999,0.448153530630142,0.446194980538227,0.489083909697968,0.478646144185587,0.516306035817609
0.295129388728475,0.457725342417607,0.416120879520091,0.505060150553037,0.488936600405522,0.514578620766741,0.518841280961353,0.294972709695932,0.457340353577921,0.415923345869159,0.504814251177409,0.488729421392771,0.51437591009029,0.51889661548046,0.294816841509637,0.456954102044192,0.41572588189189,0.504569183656636,0.488527970427824,0.514172057336339,0.518952628156996,0.294660221567052,0.456608215133906,0.415539488654693,0.504324164612861,0.488327117904664,0.513959954489964,0.519008984467798,0.294504566973047,0.45626734131019,0.415356500248285,0.504077813702518,0.488121276718394,0.513747153033055,0.519064549259949,0.294350752700826,0.455926435750085,0.415172703985425,0.503830654480476,0.487915933882914,0.513531107318601,0.519127985160689,0.294196968398171,0.45558549850637,0.414988945488557,0.503583580973417,0.487710576802861,0.513306806391397,0.519210593911289,0.294043214102914,0.455244529631869,0.414805291009165,0.50332334786818,0.48750506190944,0.513078796954676,0.519294817506047,0.293889489852933,0.454903529179455,0.414621740574283,0.503044383867069,0.487303292914847,0.512841929626052,0.519386122753571
0.885640971845967,0.418677334790689,0.457359629296096,0.483344100482286,0.481298941261685,0.493898440737832,0.501314876724351,0.885640971845967,0.418496839091184,0.45714880282088,0.483095268877112,0.481123566345052,0.493829710009285,0.50139412198183,0.885640971845967,0.418316349970588,0.456939059092975,0.482848330032637,0.480953083576507,0.493761520096593,0.501473121190571,0.885640971845967,0.418135867422126,0.456729751738651,0.482601450404515,0.480783244163893,0.493693600594911,0.501553288191524,0.885640971845967,0.417955391439001,0.456522945251157,0.4823546300846,0.480614660904449,0.493626400493261,0.501638856960126,0.885640971845967,0.417774922014398,0.456315415488548,0.48210786916486,0.480455225497887,0.493559348644088,0.501722945012586,0.885640971845967,0.417594459141481,0.456113152684386,0.48186116773737,0.480314483934821,0.493488916151539,0.50179138600683,0.885640971845967,0.417414002813393,0.455911302247965,0.481614525894323,0.480173966371492,0.493431498767483,0.501858675219222,0.885640971845967,0.417233553023259,0.455708393607647,0.481367943728018,0.480034299999625,0.493374338167776,0.501928770071941
0.253149920793469,0.429817720530248,0.411782031649587,0.471736201981842,0.488118626802552,0.495719050024419,0.521938631727032,0.253149920793469,0.42942471045156,0.411606349218298,0.47149577080529,0.487816078062493,0.495551363334405,0.521953340913891,0.253149920793469,0.429031864444215,0.411436109656835,0.471256209219552,0.487513027645326,0.495385254689721,0.521968527604808,0.253149920793469,0.42863918265339,0.411267136560825,0.471018191252773,0.487210014625836,0.49521784234721,0.522050007026047,0.253149920793469,0.428246665224344,0.411098235748865,0.470780271284714,0.48690629195718,0.495050369144522,0.522139757034421,0.253149920793469,0.427850728667846,0.410929966564582,0.470542490352097,0.486602756922239,0.494884673419869,0.522223999310236,0.253149920793469,0.427452509714935,0.410763097416682,0.470304826021882,0.486299237150362,0.494739771140923,0.52231097762411,0.253149920793469,0.427066385761691,0.410596299273015,0.470067259878595,0.485994771144267,0.494615666303107,0.522398892518091,0.253149920793469,0.426663899548554,0.410429572157626,0.469830016874252,0.485689700896241,0.494491579891764,0.522504789938248
0.670758888782748,0.4790082355858,0.527750084872671,0.468750639470504,0.467136629916959,0.504239982301812,0.510618822260176,0.670758888782748,0.478988941059842,0.527533920474945,0.468575469944273,0.466973037578825,0.504032561014105,0.510689367668251,0.670758888782748,0.47896963387893,0.527318578207114,0.468400365517312,0.466812763080526,0.503808324232629,0.510761890481837,0.670758888782748,0.478950314054176,0.527103832437986,0.46822532619467,0.466656954505663,0.503584996991514,0.510835154723961,0.670758888782748,0.478930981596691,0.526889206461083,0.468056028612982,0.466501099014316,0.503360045306141,0.510898566374102,0.670758888782748,0.478911636517585,0.526674700344138,0.467886920205327,0.466346818558895,0.503136802533148,0.510972774826823,0.670758888782748,0.478892278827967,0.526460607052224,0.467702449443355,0.466199672219683,0.502913702918564,0.511036257382986,0.670758888782748,0.478872908538943,0.526247433035925,0.467522192871099,0.466053076563637,0.502691673043929,0.511113439133457,0.670758888782748,0.478853525661619,0.526034198777318,0.467341536138429,0.465906476615576,0.50248326319009,0.511187737436324
0.507490313156235,0.504002344217254,0.415910035849164,0.454379570572278,0.445978724029588,0.486962406108168,0.532321990480067,0.507317670316086,0.503744369527786,0.415691976718228,0.454120053436738,0.445681432891283,0.486857686994443,0.532348583946016,0.507145046077962,0.503478727579204,0.415473931636905,0.453883087609278,0.445384812477825,0.486755817489972,0.532371979168381,0.506972440458334,0.503210384103533,0.415256185123203,0.453663408110852,0.445088035385597,0.486656205659584,0.532395529132333,0.506799853473712,0.502942230321662,0.415039356009811,0.453444396796385,0.444789227347151,0.486555759739772,0.532419414331399,0.506627285140639,0.502674266299789,0.414822538405401,0.453225351246261,0.444492999653934,0.486441032274141,0.532443482305833,0.50645473547569,0.502406492103951,0.414605732321511,0.45300629156008,0.444194511703937,0.486327062333761,0.532467725846303,0.506282204495482,0.502138907800022,0.414388937769664,0.452787213463427,0.443891881080726,0.486201017216876,0.532490628807693,0.506109692216659,0.501871513453712,0.414172154761371,0.45256834157643,0.4435914962928,0.486070985299941,0.532511877773263
0.371262372108992,0.362572449418799,0.46562481274199,0.517309763787854,0.526862813423661,0.504186208784026,0.532157233566411,0.371262372108992,0.362347870474668,0.465364014419476,0.51697127288371,0.526658810194933,0.504059976208141,0.532213006641057,0.371262372108992,0.362123288334683,0.465103459239353,0.516629022537005,0.526450307320662,0.503936834341465,0.53226889734849,0.371262372108992,0.361898629000852,0.464846613804736,0.516292728137164,0.526226065048055,0.503814446925817,0.532309028036931,0.371262372108992,0.361674250396297,0.464601733919466,0.515958961947058,0.525980500933753,0.503692953527484,0.532351715168128,0.371262372108992,0.361449586066312,0.464356849217279,0.515625269963732,0.525733875990184,0.50357170504816,0.532386165275539,0.371262372108992,0.361224919565455,0.464111959724733,0.515291668990032,0.525487462400942,0.503451151247426,0.532422791482106,0.371262372108992,0.361000250883494,0.463867065468399,0.514957699771244,0.525240981953621,0.503337639970209,0.532460893854872,0.371262372108992,0.360775580010164,0.463622166474863,0.514621995124514,0.524994573550921,0.503238562610445,0.532500222808427
0.467329014914797,0.47167625190667,0.411862021455562,0.478647932594452,0.534807930146135,0.488211616524882,0.549096498360402,0.466431235514098,0.471616571627681,0.411646571691751,0.478369692033655,0.53456900838655,0.488081292740492,0.549173152809869,0.465533703596391,0.471556835524473,0.411431153011793,0.478086276478058,0.534336903716777,0.487950980704866,0.549249956716404,0.46465072655169,0.471497043600089,0.411215765450691,0.477782903915268,0.53410521065865,0.487820930325115,0.549332490661292,0.463804588706944,0.471437195857546,0.41100040904348,0.477479588606226,0.533873548158435,0.487691279471434,0.549415927405716,0.462958511466492,0.471377292299827,0.410793746996278,0.477176330597314,0.533643421296145,0.487548821948232,0.549500983574497,0.462112494607521,0.471317332929889,0.410594382375285,0.476873130163867,0.533415000097761,0.4874061622103,0.549589653007949,0.461250446850544,0.471257317750657,0.410395037235784,0.476569987589786,0.533186439702798,0.48726528263686,0.549680359771671,0.460392881883285,0.471197246765024,0.410195711618395,0.476273197973425,0.532950904158603,0.487131331826059,0.549766903952375
0.419597016301667,0.428651350521709,0.416414906781337,0.465796584427157,0.498095928994337,0.4867027398261,0.529980614026479,0.419597016301667,0.428530714586356,0.416294359003034,0.465507367915174,0.497867259641744,0.486584372397733,0.530028438654214,0.419597016301667,0.428410097110931,0.416173899077208,0.465217125714165,0.497638489493112,0.486466348553529,0.530076902327271,0.419597016301667,0.42828949811338,0.416053527049612,0.464933218444725,0.49740983103901,0.486349190229519,0.530125932591109,0.419597016301667,0.428169328615962,0.41593324296605,0.46465895881717,0.497181284374151,0.486234567308624,0.530177023009473,0.419597016301667,0.428048766903937,0.415813046872373,0.464406653562132,0.496953283068304,0.486122331609411,0.530229982075756,0.419597016301667,0.427928223724167,0.415692975685586,0.464154319883063,0.496728710019735,0.486011128439755,0.530298774436728,0.419597016301667,0.427807699094686,0.415573598019961,0.463903869858357,0.496504251361294,0.48590166578416,0.53037437164454,0.419597016301667,0.427707666171759,0.415454443654391,0.463660537762325,0.496280162045366,0.48579252135909,0.530451732103568
0.503020446714416,0.431388222356626,0.436319584323953,0.48477682730123,0.472112867721737,0.482295026822283,0.489613227185274,0.503020446714416,0.431038901443847,0.436037008369093,0.48453257279256,0.47187140910604,0.482192738075204,0.489656619088908,0.503020446714416,0.430689593474715,0.435755251733443,0.484288371746388,0.471632885001144,0.482090587596342,0.489699906170608,0.503020446714416,0.430340427363195,0.435479983227181,0.484044224148616,0.471394450068134,0.481992694763183,0.489744286054607,0.503020446714416,0.429991464533528,0.435205156451012,0.483800129985182,0.47115176228986,0.481896629190354,0.489789040521564,0.503020446714416,0.429642512602172,0.434930426039271,0.48355608924206,0.47090794369389,0.481801975685371,0.48984093335198,0.503020446714416,0.429293571563656,0.434663336025405,0.483312101905258,0.470665613429165,0.481709615465661,0.489909652363166,0.503020446714416,0.428944641412552,0.43440392383838,0.483073402369697,0.470440081793441,0.481620231963627,0.48997798438768,0.503020446714416,0.428595722143481,0.434144304436562,0.48283510501793,0.470217085828537,0.481562838858057,0.49004450574122
0.311593824298903,0.410528232007503,0.414493202271755,0.518153913022238,0.48722703451644,0.505502403720301,0.504121597618151,0.311378935434569,0.410378671613644,0.414373232934779,0.51789019600331,0.487042073168753,0.505313367390645,0.504220754979336,0.311164007035016,0.41022906461276,0.4142532821526,0.517629622344568,0.486857403950744,0.505123420973393,0.504334783222169,0.310949039066685,0.410101389417444,0.41413334994182,0.51737144327089,0.486675585229456,0.504936252076285,0.504456328513231,0.310735304510294,0.409975644521607,0.414013436319033,0.517134249199379,0.48649587371183,0.50476354872003,0.504578438825148,0.310520259666058,0.409849869740752,0.413893541300829,0.516907041742428,0.486317218209275,0.50459170874359,0.50470902063834,0.310305175149335,0.409724065080559,0.413773664903789,0.516679918472106,0.486138537233461,0.504421900053843,0.504843642642629,0.310090050926271,0.409601886963247,0.413654744433741,0.516452437530221,0.485965969244113,0.504252901854692,0.504971326421491,0.309874886962956,0.40948656510017,0.413536262741634,0.5162258401456,0.485792959827078,0.504083922401113,0.505083367476001
0.358957210851001,0.493335698236851,0.452040685665752,0.474881854549401,0.481309901861872,0.481045113962783,0.510534655659821,0.358505327544478,0.492939285211,0.451747049710277,0.474682071744494,0.481007056635209,0.480915536433799,0.510574317410213,0.358057642702331,0.492543034943919,0.451453521858706,0.474482375879462,0.480704267138938,0.480786505179332,0.510618566724133,0.357605802038284,0.492146947581914,0.451160102170257,0.474282766994026,0.480417858259274,0.480648144459837,0.510660574745551,0.357153973663484,0.491751023271269,0.4508667907041,0.474083245128041,0.480136901694005,0.480504659301432,0.510700535044988,0.356702157569388,0.491355262158256,0.450573587519359,0.473884201327183,0.479856037811153,0.480361994318672,0.51074185106594,0.356250353747401,0.490959664389129,0.45028049267511,0.47368656945737,0.479575314581545,0.480220366052046,0.51079720828726,0.355798562188879,0.490564230110125,0.449987082207686,0.47349072620446,0.479294791635521,0.480078930836706,0.510864184399638,0.355346782885124,0.490168957912537,0.449691015894502,0.473294974484447,0.479017510511463,0.479933659476078,0.510933860268665
0.336181234774323,0.408487062732376,0.463815336507317,0.475033288740173,0.491236258734436,0.481730625013216,0.51030463141677,0.336181234774323,0.408323528905935,0.463650796932043,0.474759661821897,0.491025683271134,0.481552082613547,0.5103438264151,0.336181234774323,0.408160311113452,0.463486354970359,0.474461147708462,0.490812028310426,0.481376117610923,0.510369450854948,0.336181234774323,0.408021993979081,0.463322010639934,0.474166332340952,0.490585529819364,0.481203653109328,0.51036529871866,0.336181234774323,0.40788367053625,0.463157763958449,0.473871473146579,0.490361670199934,0.481044767998767,0.510361296465639,0.336181234774323,0.407746517908947,0.4629936149436,0.473576632903677,0.490155135847436,0.480888933843301,0.510357840978489,0.336181234774323,0.407608188284091,0.462829563613097,0.473281811602605,0.489948599004124,0.480733595212383,0.510366124325911,0.336181234774323,0.407469488060547,0.462665609984663,0.472991579761338,0.489742229359185,0.48057911110203,0.510397179006157,0.336181234774323,0.407330478809537,0.462501754076034,0.472706403735693,0.489535688044323,0.480424621091154,0.51041595187878
0.275900294921648,0.412041882563333,0.525961413228384,0.495692669050482,0.501669308999996,0.475403524243984,0.508265927220649,0.27581990494045,0.411868243961268,0.525647902267952,0.49544445876068,0.501436243245537,0.475265884763322,0.50835222024329,0.275739503653055,0.411694763369447,0.525337372613612,0.495208642439803,0.501205874706902,0.475122183324525,0.508438397893269,0.275659091049014,0.411521249033688,0.525029031442159,0.49497296065772,0.500978218155507,0.474969772136402,0.508528142366832,0.275578667117853,0.411348533691059,0.524734892889521,0.494738659295709,0.500750371115627,0.474821276981596,0.508623266579326,0.275498231849077,0.411175234140129,0.524447115346675,0.494518222871135,0.500522527435517,0.474675050610682,0.508715759025546,0.275417785232168,0.411000579272289,0.524159466609356,0.494296694042934,0.500274383005913,0.474528445151531,0.508807941274469,0.275337327256583,0.410826799448778,0.523871893951312,0.494072720423731,0.500026980243363,0.474384718953417,0.508905456496218,0.275256857911757,0.410657082419691,0.523584459335958,0.493837310238584,0.499780646738918,0.474240408335389,0.509016657654424
0.588754866637997,0.442099976700261,0.483728455721082,0.45904532943322,0.514833685734501,0.489106599990969,0.49794017484034,0.588754866637997,0.441878639133443,0.483425220098253,0.458669788292078,0.51461051224838,0.488941124357262,0.498026980049818,0.588754866637997,0.441657403911375,0.483122005349348,0.458294335900957,0.514388009072678,0.488789837995822,0.498113238633134,0.588754866637997,0.441436271100725,0.48281886896471,0.457915114115769,0.514166523413152,0.488646064027354,0.498198233302921,0.588754866637997,0.441215240768263,0.482515444395246,0.457531356922582,0.513945023383111,0.488488936367703,0.498277671535057,0.588754866637997,0.440994312980862,0.482212686344522,0.457147636336143,0.513724957162041,0.488320278623135,0.498355641106701,0.588754866637997,0.440783611474348,0.481911905429607,0.456763952381043,0.513503106688412,0.488151494865925,0.498433567681577,0.588754866637997,0.44057401466193,0.481621199900811,0.456380305081788,0.513280473870863,0.487982645982787,0.498513560628858,0.588754866637997,0.440364521272453,0.481329140557212,0.456002486137147,0.513057834119997,0.487814401307513,0.498594668561248
0.2977032724,0.470628832934342,0.556813200852475,0.487476447095552,0.500030853842001,0.514324519923775,0.543164401435781,0.2977032724,0.470334647273754,0.55655923294773,0.487220137141677,0.499786068576282,0.514135032151469,0.543195219697453,0.2977032724,0.470040469433363,0.556281887983156,0.486966066054619,0.499538706271218,0.51394682821509,0.543230484225885,0.2977032724,0.469746299474818,0.5560021945509,0.486712351001042,0.499291588891186,0.513758221888356,0.543269323246583,0.297490423650298,0.469452137459731,0.555721255845498,0.486460090708668,0.499044808177717,0.513569454701953,0.543308780800817,0.297169592651721,0.469157983449678,0.555438192823277,0.486209913922393,0.49882244036517,0.513381545473999,0.543348812235612,0.296853201607671,0.468864475433442,0.555156507788546,0.485960111398332,0.498600820284726,0.513198034027015,0.543388660233637,0.296530170267003,0.468573038070699,0.554882233902358,0.485684289367716,0.498379250154357,0.513015440504339,0.543430076641884,0.296213170501156,0.468279717593091,0.554608247748983,0.4853988384674,0.498159315876073,0.512833175847685,0.543474035388527
0.434943837825153,0.446786759885126,0.438776651999385,0.452799370492538,0.482333528478199,0.472593362233541,0.512841841125644,0.434713400925552,0.446543017504455,0.438436671700065,0.452588032959206,0.48215932752759,0.472460124309299,0.512889554017514,0.434483035486035,0.446299226644381,0.438080139292182,0.452376412702011,0.48198434918769,0.472333194619615,0.5129372241004,0.43425274160932,0.446055387229718,0.43772350449824,0.452165596690221,0.481833205350273,0.472211015271687,0.512984644144992,0.434022519398387,0.445811499185324,0.437366975896013,0.451957324720058,0.481690700372026,0.47209023375357,0.513045364005675,0.43379380587865,0.445567562436098,0.437010184875455,0.451749103465089,0.481546737714529,0.471970346361008,0.513111382456006,0.433565444784891,0.445323576906982,0.436662454592748,0.451540942852618,0.481374293490343,0.471843677240719,0.513180000137636,0.433337153405651,0.445079542522964,0.436337361761073,0.45133285157427,0.481211256872617,0.471715592164442,0.513247729125187,0.433108931833881,0.444835459209077,0.435998487652023,0.451124829626069,0.481057149201772,0.471587736136174,0.513309818508327
0.259982955488891,0.436134849045002,0.506225473840368,0.487751545424183,0.493092822605489,0.492860594874133,0.536579985139222,0.259982955488891,0.435996545465565,0.506053232277351,0.487440435220287,0.492871973295705,0.492703554676991,0.536664263923495,0.259982955488891,0.435857678055884,0.505883772198414,0.487126987109504,0.492654244610279,0.492548369464431,0.536741663070416,0.259982955488891,0.435718167957419,0.505714795794257,0.486813656704361,0.492437368085207,0.492395431729825,0.536814986596993,0.259982955488891,0.435578839069213,0.505542824062334,0.486507816285112,0.492221834402068,0.492242827526986,0.536889806164223,0.259982955488891,0.435439536883424,0.505338561709975,0.486208645772386,0.492030641372692,0.492090706314412,0.53696648951738,0.259982955488891,0.435300261431327,0.505135176054464,0.48591300785464,0.491837609033809,0.49193938364605,0.537043867917487,0.259982955488891,0.435161012744237,0.504933043125199,0.485612656617724,0.491637107161592,0.491790166106006,0.53712183351445,0.259982955488891,0.435021790853506,0.504711889482532,0.485308183038971,0.491435265322052,0.49164392187967,0.537200724551867
0.329846738527348,0.437172374492701,0.502461947744729,0.509240573998988,0.537600213485572,0.49101094389153,0.498609141543642,0.329846738527348,0.436956235119551,0.502250201102552,0.509043028218245,0.537450716149291,0.490845393480228,0.498621122150952,0.329846738527348,0.436739384255315,0.502035312566028,0.508845196281974,0.537304038216848,0.490681357520603,0.49863397675221,0.329846738527348,0.436521682189344,0.501819186493205,0.508647401037875,0.537158217951586,0.490519934365751,0.498656403575845,0.329846738527348,0.436303745422441,0.501615414045821,0.508450482732074,0.537011762900192,0.490358981137289,0.498689812567613,0.329846738527348,0.436085806214032,0.501411728458982,0.508254836015371,0.536864328116001,0.490198727729741,0.498732802979382,0.329846738527348,0.435867870504906,0.501208129825078,0.508059248360453,0.536717246268213,0.490038757166594,0.498774467607932,0.329846738527348,0.435649926806109,0.501004077537402,0.507863719751768,0.536570215270637,0.489879192441285,0.498841609669222,0.329846738527348,0.435429372766913,0.500799478391258,0.507668250173819,0.536423235113268,0.48972026683906,0.498934266494006
0.337198213363908,0.444307289058239,0.499943521878531,0.522892063081017,0.467140258522642,0.510667316098442,0.513698821201087,0.337198213363908,0.444174045587575,0.49966539470128,0.522587169231637,0.466975929377887,0.510452454916453,0.513780607336933,0.337198213363908,0.444000814288983,0.499388544089034,0.522282732574699,0.466811750505266,0.510237652440364,0.513863486336784,0.337198213363908,0.443827656472458,0.499111693715084,0.52197802719405,0.466649750731404,0.510022901373909,0.513947587497983,0.337198213363908,0.443654572110236,0.498835072118373,0.521682181117504,0.466507092557047,0.509807924000703,0.51403041637436,0.337198213363908,0.443481561174517,0.498558228641907,0.521394739315357,0.466365504388121,0.509593692815172,0.514104895113555,0.337198213363908,0.44330862363747,0.498281388185291,0.5211104674301,0.466225569183803,0.50938263049996,0.514178589735003,0.337198213363908,0.443136047454633,0.498004550787522,0.520833987575147,0.466088933323601,0.509172112738937,0.514254308424082,0.337198213363908,0.442963572509277,0.497727716487609,0.52055826527749,0.465955850634503,0.508967988123596,0.514330068822349
0.442843298290572,0.521663439589887,0.548485054640778,0.482254703917633,0.458188868531542,0.497380153005091,0.506775549910788,0.442843298290572,0.521342205980065,0.548348871885675,0.482040958848572,0.458025414956754,0.497335522993439,0.506795760691194,0.442843298290572,0.521021092434201,0.548212640651571,0.481827244076692,0.457852568498338,0.49729234610079,0.506818168935981,0.442843298290572,0.520700099128367,0.548076360933084,0.481613559610109,0.457681298655271,0.497252845122812,0.506841964734889,0.442843298290572,0.520380114635092,0.547940032724861,0.481399905456982,0.457512862493146,0.497218265350891,0.506865070346064,0.442843298290572,0.520059366362187,0.547803656021579,0.481186281625517,0.457344480838481,0.49718474785329,0.506888144464018,0.442843298290572,0.519738738879218,0.547667230817941,0.480972846298457,0.4571765749686,0.497122606956176,0.506915933479241,0.442843298290572,0.519418232363129,0.54753075710868,0.480760351649986,0.457012379036387,0.49705557567305,0.506937048338177,0.442843298290572,0.519098738400517,0.547394234888555,0.480547888302264,0.456840553577702,0.496982740573386,0.506959970665142
0.517041749082624,0.510152417115685,0.46183710457858,0.438475954090739,0.484703492787848,0.500842751535593,0.525364727992758,0.517041749082624,0.509772859171068,0.46171424469498,0.438209582465995,0.484469915829619,0.500591110755038,0.525404980633697,0.517041749082624,0.509393572420686,0.46159166482605,0.437943246247438,0.484231015916435,0.500347655812407,0.525436932465977,0.517041749082624,0.50901431207309,0.461468885127787,0.437676945413123,0.483991696919374,0.500105002538188,0.525469900386099,0.517041749082624,0.508635682085509,0.461346145102766,0.437410125930083,0.48375244386208,0.499862629841922,0.525507546300988,0.517041749082624,0.508259109553151,0.461223444784102,0.437141683465235,0.483513435519741,0.499620865831551,0.525545951972418,0.517041749082624,0.507881580498761,0.461100784204941,0.436875435226672,0.483274177778805,0.499381179813542,0.52558401374938,0.517041749082624,0.507504073370707,0.460978417588371,0.436611610346402,0.483034915184539,0.499144071853615,0.525623518058341,0.517041749082624,0.507126588124153,0.460855837555085,0.436335861398738,0.482798129518582,0.498904224237839,0.525665077288127
0.335134961042481,0.432160708423838,0.476559201458176,0.513012001968294,0.520861220098831,0.515364261760609,0.504493577938719,0.334738167969526,0.431891204098583,0.476369360970987,0.512718166293924,0.520644699167661,0.515222031213535,0.504471448217343,0.334341280974427,0.431621674943855,0.476179645613146,0.512424376318248,0.52043202167513,0.515079684890237,0.504465051828559,0.33394429998496,0.431352120861266,0.475990055482382,0.512128895441599,0.520219357766835,0.514937555893126,0.504482855084398,0.333547224928793,0.431082541752247,0.475800590676507,0.511833197303704,0.520007898513093,0.514795965112219,0.504501050741499,0.333150055733481,0.430812937518045,0.475611251293419,0.511535867866995,0.519795837483101,0.51465320884685,0.504519627671161,0.332752792326471,0.430543308059726,0.475422037431104,0.511238306420293,0.519584660099299,0.514509874107892,0.504539656691003,0.332355434635101,0.430273653278176,0.475232949187631,0.510942020903411,0.51938235840331,0.51438594013657,0.504572254358247,0.331957982586594,0.430019533992578,0.475043986661158,0.510646555010069,0.519180309550161,0.514267521766197,0.504607309870921
0.275791658839552,0.519997534438657,0.509015999824407,0.495960948910763,0.488567137808421,0.497455812124054,0.53491570058792,0.275483606592413,0.520000275188835,0.508806713889341,0.495654611525232,0.488396931604446,0.497231669995491,0.534979201941639,0.275175511727653,0.520003034326327,0.508597457952803,0.495349441782432,0.488226925705125,0.497010832000062,0.535047329087406,0.274867374203437,0.520005811877128,0.508388231984327,0.495043203492804,0.488063408559297,0.496792589533415,0.535115584034464,0.274559193977897,0.520008598443159,0.508179035953384,0.494736996092069,0.487900537821833,0.496574985658266,0.535182997395683,0.27425097100913,0.520011403459732,0.507969869829385,0.494428523746904,0.487737714954564,0.496357274397352,0.535252052813242,0.2739427052552,0.520014226997696,0.507761616493354,0.494114719959251,0.487575636925238,0.496140774541444,0.535316258475196,0.273634396674137,0.520029509700926,0.507573562666439,0.493800986964069,0.487416167629257,0.495956875004809,0.535377888635199,0.273326045223934,0.520051048143632,0.507385483429769,0.493487324747174,0.48725845847807,0.495786266134081,0.535441005705617
0.469715799447593,0.533640066572308,0.487008122522154,0.472319108532446,0.480992693791161,0.490411957594546,0.513544054395465,0.469715799447593,0.533576873163845,0.486854296260088,0.472184027557991,0.480817144421275,0.490252799652763,0.513640373597434,0.469715799447593,0.533513641053361,0.486700495226782,0.472053553170632,0.480641652077023,0.490090558831963,0.513739345303423,0.469715799447593,0.533450370243581,0.48654661731402,0.471924155889779,0.480466216773271,0.489928419293527,0.513839346816922,0.469715799447593,0.533387060737257,0.48639280120906,0.471794948567233,0.480290838525056,0.489767709224781,0.513938373989867,0.469715799447593,0.533323712537164,0.486239046874803,0.471666832041988,0.480115517347589,0.489607338212507,0.514042689997452,0.469715799447593,0.533260325646102,0.486085354274103,0.471537551910062,0.479940427458982,0.489446991162851,0.514148187138624,0.469715799447593,0.533196980278643,0.485933728136112,0.471408187414615,0.479765221044726,0.489278218389499,0.514251127705897,0.469715799447593,0.533134449688024,0.485783018192853,0.471278865315712,0.479590071780929,0.489103526996191,0.514347617665896
0.235284812276102,0.491237103267064,0.463229288376576,0.518927745479206,0.48171959182125,0.486821045100109,0.495201916428698,0.23490981852696,0.490900409379685,0.463053811469715,0.518672149869366,0.481492933485179,0.486609190799535,0.495224319403139,0.234534816224941,0.49056377741758,0.462885737013726,0.518417907621462,0.481281593094497,0.486397487663203,0.49524915081662,0.234159805344563,0.490227207358001,0.46272594096979,0.518165341103404,0.481060533601898,0.48618613298078,0.495277663345573,0.233784785860314,0.4899123459587,0.462566107309307,0.51791286412298,0.48084078636903,0.485974867623152,0.495318066172323,0.233409757746648,0.489624666974585,0.462406260718655,0.517660476684013,0.480621173847826,0.485762755044203,0.495360250974735,0.233034720977992,0.489318903613665,0.462246420760811,0.517408178790427,0.480401802654316,0.485551324819666,0.495402973357307,0.232659675528737,0.489013158173238,0.462073884794565,0.517158434744389,0.480185310779887,0.485348823813176,0.495444076341273,0.232284621373247,0.488707430581003,0.46189500873196,0.516912667216228,0.479970542196884,0.485182835127907,0.495477036952296
0.353028043482818,0.353233737282349,0.416263505665975,0.487125218706995,0.47991311509422,0.4950229940089,0.503384590732859,0.353028043482818,0.352836721760659,0.415979343481553,0.486891630917704,0.479673240638482,0.494966132057346,0.503390905260752,0.353028043482818,0.352438352832668,0.415695229975148,0.486658045726832,0.479432334144801,0.49490850899005,0.503403193562661,0.353028043482818,0.352040061291031,0.415413683641759,0.486424463144201,0.479193922705527,0.494849203138435,0.503422208093099,0.353028043482818,0.351641847308574,0.415134505103931,0.486191410779648,0.478956212906746,0.494788946364444,0.503436058839751,0.353028043482818,0.35124371105831,0.414855368230563,0.485959188499496,0.478720745049615,0.494720820358319,0.503450439837827,0.353028043482818,0.350845652713442,0.414576273009947,0.485726970201589,0.478507528210329,0.494653973972266,0.503467463486971,0.353028043482818,0.350447672447365,0.414297219430366,0.485494755897731,0.478294529456452,0.494573252367508,0.503484984021624,0.352874664330575,0.350049770433661,0.414018207480098,0.485262545599647,0.478084033378311,0.494492705474463,0.503567324695798
0.423014039638666,0.388104316488823,0.472993127154336,0.475306814831403,0.483046055229885,0.47819207070088,0.530583789022079,0.42255109181719,0.387778146804532,0.472837426835272,0.475039096997654,0.482701953301903,0.478115795838819,0.530618148561729,0.422086652418606,0.38745202996886,0.472708178490509,0.474771353251825,0.482356505575528,0.478039971668207,0.530653187028957,0.42162218402375,0.387125965968408,0.472591487915351,0.474503583593589,0.482012624010747,0.47795032607259,0.530688441026243,0.421157686601207,0.386799954789812,0.472482231234078,0.474236317449093,0.481671104414766,0.477858100313445,0.530724094832042,0.420693160119544,0.386473996419731,0.472375845131971,0.473969234816741,0.481329741519513,0.477766004703609,0.530765234717114,0.420228604547303,0.386148090844859,0.472213635358699,0.473693984162116,0.481019373192751,0.477674855436689,0.530802358362907,0.419764019853007,0.385822238051917,0.472054479903392,0.473416539080469,0.480723445992641,0.477583784006944,0.530837065811038,0.419299406005157,0.385496438027657,0.471898005247729,0.473138706822707,0.480427529440081,0.477497024029204,0.530863913056842
0.977718821407275,0.37541297764485,0.411539096830776,0.431528307528935,0.471101490175231,0.509847848836538,0.515691567169862,0.977718821407275,0.37541297764485,0.411219135934611,0.431398453698149,0.4708892876423,0.509697098253798,0.515651783766048,0.977718821407275,0.37541297764485,0.410897705436547,0.431269166023123,0.470676073019386,0.509546074495668,0.51562461743608,0.977718821407275,0.37541297764485,0.410576533285556,0.431141449766871,0.470462627675444,0.509398075687707,0.515603122168436,0.977718821407275,0.37541297764485,0.410252139936145,0.43101429650532,0.470250460438425,0.509252516234923,0.515592582864943,0.977718821407275,0.37541297764485,0.409927844456874,0.430886703757939,0.470036492709292,0.509094927564371,0.515596821304539,0.977718821407275,0.37541297764485,0.409603646856702,0.430762066389269,0.469828458825503,0.508938970248773,0.515616249742515,0.977718821407275,0.37541297764485,0.409279547144541,0.430640907866183,0.469623068022805,0.508785260779403,0.515642751639344,0.977718821407275,0.37541297764485,0.408943682045662,0.430525113816083,0.46941925657002,0.508630081547306,0.515662352346043
0.334645466571482,0.529300757465285,0.410826568749466,0.458110075517419,0.478285168942407,0.482706875210781,0.512766911917002,0.334178218393505,0.528998564165417,0.41065570572554,0.457851704950853,0.478051304197846,0.482568132071912,0.512822476349858,0.333710968495489,0.528696350108572,0.410484838314961,0.457594384513413,0.477817911076679,0.482422279537949,0.512879069910229,0.333243716867999,0.528394115293598,0.410313966531205,0.457331828315585,0.477584568811093,0.482276594846813,0.512940417626752,0.332776463501564,0.528091859719207,0.410143090387723,0.457063270172571,0.477351277380505,0.482131553678496,0.513006628540438,0.332309208386674,0.527789583383974,0.409963801080544,0.456792588337419,0.477118036764387,0.481988830530293,0.513070994298703,0.331847012717348,0.527487286286332,0.409729644436965,0.456522775098663,0.476887265123696,0.481849759092988,0.51312773107265,0.331379774089091,0.52718621487763,0.409496533051738,0.456253421259639,0.47666133075343,0.481732209949112,0.513186842002152,0.330912533764128,0.526887778616069,0.409263756977963,0.455996146543,0.476444270916661,0.481619308993549,0.513243564486909
0.734708468534634,0.444894140616302,0.487009894887536,0.466751330838406,0.506254749304285,0.523030544007448,0.526071845880975,0.734708468534634,0.444731384429631,0.486815420031766,0.466454203303833,0.506114101610613,0.522848161115518,0.526111145205879,0.734708468534634,0.444568649088409,0.486620980511349,0.466150904425238,0.505973789868048,0.522663405326109,0.526152590213146,0.734708468534634,0.444405934636681,0.486426492236109,0.465847405453426,0.505834283343795,0.522480946739964,0.526197892788733,0.734708468534634,0.444243241118564,0.486229058512288,0.465544550964667,0.505697405204157,0.52229904370957,0.526245019120911,0.734708468534634,0.444080568578243,0.48603006900672,0.465239443594948,0.505562197933629,0.522117986300218,0.526289790142282,0.734708468534634,0.443917917059972,0.485831123055249,0.464934643559393,0.50542707458708,0.521939156820278,0.526334571071775,0.734708468534634,0.443755286608078,0.485632220626069,0.464629876854447,0.505292055402161,0.521761795248779,0.526380127609492,0.734708468534634,0.443592677266955,0.485433361687216,0.464328156154615,0.505157420623712,0.521584330180786,0.526433681729207
0.593748399371131,0.608902356851123,0.503093931618005,0.498647989948829,0.444956711361748,0.476613661823623,0.50943048097788,0.593748399371131,0.608554267774842,0.502846272187512,0.498414699191452,0.444803858623964,0.476518459623627,0.509545076088217,0.593748399371131,0.608206358022291,0.502598679247568,0.498181420041679,0.444651915017405,0.476426390956345,0.509662318626756,0.593748399371131,0.607863935511316,0.502351731049941,0.497948152457824,0.444513411242498,0.476334331941721,0.509780044673576,0.593748399371131,0.60747700497759,0.502107904876745,0.497714896398172,0.444354361744502,0.476242335051859,0.509898432626877,0.593748399371131,0.607088031752052,0.501864149368515,0.49748165182098,0.444192043162109,0.476134610715327,0.510016181585032,0.593748399371131,0.606687900493029,0.501620464577676,0.497248418684476,0.444029769222532,0.476028125152112,0.510134950638806,0.593748399371131,0.606269913887542,0.501340073720934,0.497015196946861,0.443867539946569,0.475923960839916,0.510255086783005,0.593748399371131,0.605848198259796,0.50107652511756,0.496782273674457,0.443705820869432,0.475820557816311,0.510376679274933
0.232126822971363,0.362543919047019,0.478530845688032,0.509124204308209,0.489704679390588,0.519792875904425,0.524914328320277,0.232126822971363,0.362333903347618,0.478379738683165,0.50880684708783,0.489487447327204,0.519591277279552,0.524974142567049,0.232126822971363,0.362123965128824,0.478228660381881,0.50848956156294,0.489273817176525,0.519390443725115,0.525034848038454,0.232126822971363,0.361914104447815,0.478077610807962,0.508177674852594,0.48906100301825,0.519189615166009,0.525097680376527,0.232126822971363,0.361704321361747,0.477926589985201,0.507866246754375,0.488849536799446,0.518989820360299,0.525156581466879,0.232126822971363,0.361494615927753,0.477775597937405,0.507554904193647,0.488630841563562,0.518792266606847,0.525208990081271,0.232126822971363,0.361284988202944,0.477624634688398,0.507243652064587,0.488417416601461,0.518599068582776,0.525263485680224,0.232126822971363,0.361075438244405,0.477473700262015,0.506932477627354,0.488192523011835,0.518419179287031,0.525326440075206,0.232126822971363,0.360865647721191,0.477317971768618,0.506620941185911,0.487961203717949,0.5182230445182,0.525393180067773
0.382833685405977,0.440084065203937,0.46204745593144,0.492707859983221,0.475832426439671,0.505697467725759,0.52148690817825,0.382833685405977,0.439941076094773,0.461831152130647,0.492549137443468,0.475533698583372,0.505489396937188,0.521473086067162,0.382833685405977,0.439798119747386,0.461607997746601,0.4923904742308,0.475235004834686,0.505285884285403,0.521465283369007,0.382833685405977,0.439655196193357,0.461388238816989,0.492231870352548,0.474936591452689,0.505099627485978,0.521460941483545,0.382833685405977,0.439512305464357,0.461162947327741,0.49207336212359,0.474639298921955,0.504913493589853,0.521463330611178,0.382833685405977,0.439369447592152,0.46093990648758,0.491915719798953,0.474344138463445,0.504727334229774,0.52147138212537,0.382833685405977,0.439226622608604,0.46070490382152,0.491758730567534,0.474049260171154,0.50454354776967,0.521478173435228,0.382833685405977,0.439083830545666,0.460470516789858,0.491604274534212,0.473755838300744,0.504360701785342,0.521486618952934,0.382833685405977,0.438941071435386,0.460242537958421,0.491450753025863,0.47347651182848,0.504178362556392,0.521495325449711
0.214085743789876,0.447821211209215,0.491539469941099,0.456691746864324,0.476467204400081,0.464538858043485,0.521341333033003,0.213935578839587,0.447686395926272,0.491367915331343,0.456431604847629,0.476271178340935,0.464426019122984,0.521439746793238,0.213785377817068,0.447551640911649,0.491196441661535,0.45617145247926,0.476080039734698,0.464314025964185,0.521538669141626,0.213635140685118,0.447417104435587,0.491025145337355,0.455911289768382,0.475897273679496,0.464212063779452,0.521638415395325,0.213484867406508,0.447284493794307,0.490854185467651,0.455651116724131,0.475713998674764,0.464114829689982,0.521729119665517,0.213334557943995,0.447151951571639,0.490683024553688,0.455390933355615,0.475530511361173,0.46401782758504,0.521822857789276,0.213184212260315,0.447019477810157,0.490511786482028,0.455130739671913,0.47534706778287,0.463931914445246,0.521911774245804,0.213033830318183,0.446888029820532,0.490340448246216,0.454870535682076,0.47516366792262,0.463867507199125,0.52199270419588,0.212753767209662,0.446757117858022,0.490169176327467,0.454610321395125,0.47498031176327,0.463790897137125,0.522073842946664
0.320445266496774,0.3799548905638,0.468379958432779,0.519129349747102,0.467698465582603,0.476052480208063,0.530457931998516,0.320445266496774,0.379849767333917,0.468145904374653,0.518994424268842,0.467356891923475,0.476025760215031,0.530534398789772,0.320445266496774,0.379744644328336,0.467911528849871,0.518859128273736,0.467016370265831,0.475996550040328,0.530611991654544,0.320445266496774,0.379639521546085,0.467677221295895,0.518722466295186,0.466675850647495,0.475969644772224,0.530690576781325,0.320445266496774,0.379534398986177,0.467442981730202,0.518587590712336,0.46633833188701,0.475944796635981,0.530769443591022,0.320445266496774,0.379429276647609,0.467208810170225,0.518456058878693,0.466009108559002,0.47592007533102,0.530848406353393,0.320445266496774,0.379324154529364,0.466974706633353,0.518324663216808,0.465682899466896,0.475895271975671,0.530925244863353,0.320445266496774,0.37921903263041,0.466741613578168,0.518193650896742,0.465356955900867,0.475870984946914,0.531001917193776,0.320445266496774,0.379113910949701,0.466509063128933,0.518065220672265,0.465031547768406,0.475847673330087,0.531072164514908
0.257327977615686,0.453363263008173,0.457387621999485,0.525583930508325,0.490171203503033,0.501216915395956,0.516732688852708,0.257327977615686,0.453152974151171,0.457352905928841,0.525445867268015,0.49001087497468,0.501067288001797,0.51681670769359,0.257327977615686,0.452942622906451,0.457325920767015,0.525307831419533,0.489855366746836,0.500917334205232,0.51690974147683,0.257327977615686,0.45273220924483,0.457300633527318,0.525169880257453,0.489703564834442,0.500767229550658,0.517006919551307,0.257327977615686,0.452521733137057,0.457275345779185,0.525028971654422,0.489552143744757,0.500623588370281,0.517104515619213,0.257327977615686,0.452309862116703,0.457229881043139,0.52488567331466,0.489403176490937,0.500486612354866,0.517202364390689,0.257327977615686,0.452097158509137,0.45717292912126,0.524742301673207,0.489257095944046,0.500364023294922,0.517301399746436,0.257327977615686,0.451889002496422,0.457115977138015,0.524598969816493,0.489113314475895,0.500241639018612,0.517398565072013,0.257327977615686,0.451695694414429,0.457059025122635,0.524455677721543,0.488974907539673,0.500120419891203,0.51749426656741
0.456215578694062,0.511567831769683,0.478341937708587,0.481214258430497,0.520736060854286,0.492673396230627,0.521928659147896,0.456083901076996,0.511350605980476,0.478197802974574,0.480931658621928,0.520513891094838,0.492445228857126,0.522010395269237,0.455798077504367,0.511132038167809,0.478053699152764,0.480649472880932,0.520291811247866,0.492218402340206,0.522087993387649,0.455500658039438,0.510913477652162,0.477909626252734,0.480370126857631,0.520069821315725,0.491987017365983,0.522176106755455,0.455204091718878,0.510694924381634,0.47776558428409,0.480090245571708,0.519847996133944,0.491752578814937,0.522258467915953,0.454908017311471,0.510476378304173,0.477623438392765,0.479811880787353,0.519627276326492,0.491525835088694,0.522355411500121,0.45461218774973,0.510257839367577,0.477481357544609,0.479533597287718,0.519433576821027,0.491315408868838,0.522449953004162,0.454316528733549,0.510039307519493,0.477339305917392,0.479256834354229,0.519240637389977,0.49110494959268,0.522545089064014,0.454020932497061,0.509820130118492,0.477197283522729,0.47898257156053,0.519042790008371,0.490900717697228,0.522648830724701
0.523783771945436,0.543305826988712,0.483447925456988,0.516586253607359,0.480417442428686,0.509420763366552,0.519099375504718,0.523783771945436,0.543151118813673,0.483178342616428,0.516276876360014,0.480145922354611,0.509263526334191,0.519039716001483,0.523783771945436,0.542996540324963,0.482908832810641,0.515967551771099,0.479875231645812,0.509125345208423,0.518992021995804,0.523783771945436,0.542842091698357,0.482639396036891,0.51565827992243,0.47959788888234,0.50901970881363,0.518944520939653,0.523783771945436,0.542687773109916,0.482386073973932,0.515349060895959,0.479319827744344,0.50891835293025,0.5188979145653,0.523783771945436,0.542533584735985,0.482134679826002,0.515039866649302,0.479041682553969,0.508817909799783,0.518852004286552,0.523783771945436,0.542379526753192,0.481874004941423,0.51473069160769,0.478773052303018,0.508719073799936,0.518807709838119,0.523783771945436,0.542225599338455,0.481604245088392,0.514420612751358,0.4784997638526,0.508627619415918,0.51876938267276,0.523783771945436,0.542071802668974,0.481334560881291,0.514111269360151,0.47822665891995,0.508558334024015,0.518724787018335
0.37752339157211,0.45034392343873,0.456608247585626,0.481241590136555,0.518023257025233,0.500748092501139,0.538989661531328,0.37752339157211,0.450031645574689,0.456391030246777,0.481038106038184,0.517764755724688,0.500575239356239,0.539089840370846,0.37752339157211,0.449719324679399,0.456173856368842,0.480834685034254,0.517506527207348,0.500406503509947,0.539190330057953,0.37752339157211,0.449406960707823,0.45595672594153,0.480627338415127,0.517249290304636,0.500237839227225,0.539292404527162,0.37752339157211,0.44909455361491,0.45573963895455,0.480420043809055,0.516992106285381,0.500070148111059,0.539395742858666,0.37752339157211,0.448782103355589,0.455522595397614,0.480214896991463,0.516734975261616,0.499908854010244,0.539499876902951,0.37752339157211,0.448469609884779,0.455305595260433,0.480015844627835,0.516478540888913,0.499748379304751,0.539606009819438,0.37752339157211,0.448157073157378,0.455088951217062,0.479818102471364,0.516223970717831,0.499586017935008,0.539712785910964,0.37752339157211,0.447844493128273,0.4548720391107,0.479621034340374,0.515978234589847,0.499397064296123,0.539819444080828
0.431845933790154,0.44970379237481,0.509036217534929,0.460145183225544,0.505742469292488,0.496594763134131,0.53191509042588,0.431845933790154,0.449684490006626,0.508824817642831,0.459903961144447,0.505569256791263,0.496419229814117,0.532029143049396,0.431845933790154,0.449665239470407,0.508614349487993,0.459661938233564,0.505371041633929,0.496243928200399,0.532132033330863,0.431845933790154,0.449646040803708,0.50840441797887,0.459420657725207,0.50517292275059,0.496068849497835,0.532227205030842,0.431845933790154,0.449626894044151,0.508194586290799,0.459178957052038,0.504975406254515,0.495896134447723,0.532322796922311,0.431845933790154,0.449558998665045,0.507984854496971,0.458937328359276,0.504778069512109,0.495724446677472,0.532419600264287,0.431845933790154,0.449464547811304,0.507775222670636,0.458695771575855,0.504571068827447,0.495553879879019,0.532517680868729,0.431845933790154,0.449352898675326,0.5075656908851,0.458454427105696,0.504358319667492,0.4953842167283,0.532617993656593,0.431746864199721,0.449239302251464,0.507356255625882,0.45821443788576,0.504145803856829,0.49522390551176,0.532740898707625
0.355466738633625,0.389016562956025,0.458603960566422,0.434654080064686,0.457349789767553,0.47184013684616,0.529193562858696,0.355466738633625,0.388912180429777,0.458291229098288,0.434526073977986,0.457191348758096,0.471734292838066,0.529250179041457,0.355466738633625,0.388737349277214,0.457980611791388,0.434403223916768,0.457031683406469,0.471638452527405,0.52930690952453,0.355466738633625,0.388561525346955,0.457670022885672,0.434280487069474,0.45687463221702,0.471542906109234,0.529365367203798,0.355466738633625,0.388385520971788,0.457359462475688,0.434173713909021,0.45671959364518,0.471449001720721,0.529425149064711,0.355466738633625,0.388209179993795,0.457048930656178,0.434073917984913,0.456566717924824,0.471353741459349,0.529495109231379,0.355466738633625,0.388032706496936,0.456738427522081,0.43397409125049,0.456414029961722,0.471257581714166,0.52952835520012,0.355466738633625,0.387856172571054,0.456427953168535,0.433874233699527,0.456261411089104,0.471152007090241,0.529563979318043,0.355466738633625,0.387679785066835,0.456117507690873,0.433774345325814,0.456108861322797,0.471044533435109,0.529602861013115
0.289815845954115,0.378391931546871,0.508896278971021,0.555877995683639,0.499661864483393,0.495328291321027,0.521427107160449,0.289815845954115,0.378295034124162,0.508696424045734,0.555764269657055,0.499484461577812,0.495166483894823,0.521491977257413,0.289815845954115,0.378198163883692,0.508483773828042,0.555650708317317,0.499310396691246,0.495005200503963,0.521561054737662,0.289815845954115,0.37810316557496,0.508235045321378,0.555549437579617,0.499141858172269,0.494844810947757,0.521630480646578,0.289815845954115,0.378008941514224,0.507988052777233,0.55543551689526,0.49897337217964,0.494685073761649,0.521694604708539,0.289815845954115,0.37791474575427,0.507732046014378,0.555321591551095,0.498805593663546,0.494526401285234,0.52175834898043,0.289815845954115,0.377820578301823,0.507475439021735,0.555207554437202,0.498638457983232,0.494364559894311,0.52182721457394,0.289815845954115,0.377726439163606,0.507228161307608,0.555093814513028,0.498487006458815,0.494181216998351,0.521912430649839,0.289815845954115,0.377632328346347,0.506980073559903,0.554981419345631,0.498330547956471,0.494002722889518,0.521995642506667
0.41744281651267,0.338339466138691,0.440399528344606,0.504969191198893,0.515554361430538,0.474988956155519,0.524382414938232,0.41744281651267,0.338062208931463,0.440127862362782,0.504660527851172,0.515288473542574,0.474905485892388,0.524511030955213,0.41744281651267,0.337784970363075,0.439842564722025,0.504360962294448,0.515019442699616,0.474824275709223,0.524627892921275,0.41744281651267,0.337507750481284,0.439556290112108,0.504068947170385,0.514748336420305,0.474745493994927,0.524744891661448,0.41744281651267,0.337230549333964,0.439269947053106,0.503778721512537,0.514476988389183,0.474666817528249,0.52486276327807,0.41744281651267,0.336953366969103,0.438983075799383,0.503490089272183,0.51420570954263,0.474588261218733,0.524981836339106,0.41744281651267,0.336678117727288,0.438694946363703,0.503201584981753,0.513935046069289,0.474509795999617,0.52510089570153,0.41744281651267,0.336372810073818,0.438406827633111,0.502913962126621,0.513665391279284,0.474432564187612,0.525222470440733,0.41744281651267,0.336072579371649,0.438118719612191,0.502626208322258,0.513404249968456,0.474354747687552,0.525322355600996
